"time_s","r","v_in_m_s","sensor_surface_c_avg_pM","sensor_surface_c_avg_mol_m3","sensor_area_m2","flux_integral_sensor_mol_s","source"
"0","0.1","0","0","0","2.82743338823081E-09","0","M2B sensor exposure flux proxy"
"100","0.1","0","0.0257342489313002","2.57342489313002E-11","2.82743338823081E-09","0","M2B sensor exposure flux proxy"
"500","0.1","0","0.127953416714417","1.27953416714417E-10","2.82743338823081E-09","0","M2B sensor exposure flux proxy"
"1000","0.1","0","0.254127259858302","2.54127259858302E-10","2.82743338823081E-09","0","M2B sensor exposure flux proxy"
"2000","0.1","0","0.501234882303224","5.01234882303224E-10","2.82743338823081E-09","0","M2B sensor exposure flux proxy"
"4000","0.1","0","0.975161459471936","9.75161459471936E-10","2.82743338823081E-09","0","M2B sensor exposure flux proxy"
"6000","0.1","0","1.42326754401809","1.42326754401809E-09","2.82743338823081E-09","0","M2B sensor exposure flux proxy"
"0","0.25","0","0","0","2.82743338823081E-09","0","M2B sensor exposure flux proxy"
"100","0.25","0","0.0623726416365208","6.23726416365208E-11","2.82743338823081E-09","0","M2B sensor exposure flux proxy"
"500","0.25","0","0.307663142332898","3.07663142332898E-10","2.82743338823081E-09","0","M2B sensor exposure flux proxy"
"1000","0.25","0","0.605037522801649","6.05037522801649E-10","2.82743338823081E-09","0","M2B sensor exposure flux proxy"
"2000","0.25","0","1.17028478429917","1.17028478429917E-09","2.82743338823081E-09","0","M2B sensor exposure flux proxy"
"4000","0.25","0","2.19170364725463","2.19170364725463E-09","2.82743338823081E-09","0","M2B sensor exposure flux proxy"
"6000","0.25","0","3.08319305871956","3.08319305871956E-09","2.82743338823081E-09","0","M2B sensor exposure flux proxy"
"0","0.5","0","0","0","2.82743338823081E-09","0","M2B sensor exposure flux proxy"
"100","0.5","0","0.1187080197223","1.187080197223E-10","2.82743338823081E-09","0","M2B sensor exposure flux proxy"
"500","0.5","0","0.578419512215395","5.78419512215395E-10","2.82743338823081E-09","0","M2B sensor exposure flux proxy"
"1000","0.5","0","1.12047281441867","1.12047281441867E-09","2.82743338823081E-09","0","M2B sensor exposure flux proxy"
"2000","0.5","0","2.10448265841872","2.10448265841872E-09","2.82743338823081E-09","0","M2B sensor exposure flux proxy"
"4000","0.5","0","3.72756887557819","3.72756887557819E-09","2.82743338823081E-09","0","M2B sensor exposure flux proxy"
"6000","0.5","0","4.97937718000608","4.97937718000608E-09","2.82743338823081E-09","0","M2B sensor exposure flux proxy"
"0","0.75","0","0","0","2.82743338823081E-09","0","M2B sensor exposure flux proxy"
"100","0.75","0","0.169841285036726","1.69841285036726E-10","2.82743338823081E-09","0","M2B sensor exposure flux proxy"
"500","0.75","0","0.818425520801442","8.18425520801442E-10","2.82743338823081E-09","0","M2B sensor exposure flux proxy"
"1000","0.75","0","1.56404448365733","1.56404448365733E-09","2.82743338823081E-09","0","M2B sensor exposure flux proxy"
"2000","0.75","0","2.86219384265608","2.86219384265608E-09","2.82743338823081E-09","0","M2B sensor exposure flux proxy"
"4000","0.75","0","4.83393620781886","4.83393620781886E-09","2.82743338823081E-09","0","M2B sensor exposure flux proxy"
"6000","0.75","0","6.19225369723456","6.19225369723456E-09","2.82743338823081E-09","0","M2B sensor exposure flux proxy"
"0","1","0","0","0","2.82743338823081E-09","0","M2B sensor exposure flux proxy"
"100","1","0","0.216460482799362","2.16460482799362E-10","2.82743338823081E-09","0","M2B sensor exposure flux proxy"
"500","1","0","1.03255716809948","1.03255716809948E-09","2.82743338823081E-09","0","M2B sensor exposure flux proxy"
"1000","1","0","1.94922582474314","1.94922582474314E-09","2.82743338823081E-09","0","M2B sensor exposure flux proxy"
"2000","1","0","3.48546454993785","3.48546454993785E-09","2.82743338823081E-09","0","M2B sensor exposure flux proxy"
"4000","1","0","5.65044397717206","5.65044397717206E-09","2.82743338823081E-09","0","M2B sensor exposure flux proxy"
"6000","1","0","6.99521046473566","6.99521046473566E-09","2.82743338823081E-09","0","M2B sensor exposure flux proxy"
"0","0.1","1E-07","0","0","2.82743338823081E-09","0","M2B sensor exposure flux proxy"
"100","0.1","1E-07","0.176871476801724","1.76871476801724E-10","2.82743338823081E-09","5.00092318934886E-26","M2B sensor exposure flux proxy"
"500","0.1","1E-07","0.852365260846987","8.52365260846987E-10","2.82743338823081E-09","2.41000599748684E-25","M2B sensor exposure flux proxy"
"1000","0.1","1E-07","1.62905067399619","1.62905067399619E-09","2.82743338823081E-09","4.60603226677673E-25","M2B sensor exposure flux proxy"
"2000","0.1","1E-07","2.98166321273743","2.98166321273743E-09","2.82743338823081E-09","8.43045412015337E-25","M2B sensor exposure flux proxy"
"4000","0.1","1E-07","5.03725189274656","5.03725189274656E-09","2.82743338823081E-09","1.42424941864805E-24","M2B sensor exposure flux proxy"
"6000","0.1","1E-07","6.45439545320333","6.45439545320333E-09","2.82743338823081E-09","1.82493732052322E-24","M2B sensor exposure flux proxy"
"0","0.25","1E-07","0","0","2.82743338823081E-09","0","M2B sensor exposure flux proxy"
"100","0.25","1E-07","0.187219203816977","1.87219203816977E-10","2.82743338823081E-09","5.2934982779011E-26","M2B sensor exposure flux proxy"
"500","0.25","1E-07","0.900289660211957","9.00289660211957E-10","2.82743338823081E-09","2.54550904436226E-25","M2B sensor exposure flux proxy"
"1000","0.25","1E-07","1.71615000039427","1.71615000039427E-09","2.82743338823081E-09","4.85229981032709E-25","M2B sensor exposure flux proxy"
"2000","0.25","1E-07","3.12551137330383","3.12551137330383E-09","2.82743338823081E-09","8.83717521217439E-25","M2B sensor exposure flux proxy"
"4000","0.25","1E-07","5.23343718987312","5.23343718987312E-09","2.82743338823081E-09","1.47971950458561E-24","M2B sensor exposure flux proxy"
"6000","0.25","1E-07","6.6550769529249","6.6550769529249E-09","2.82743338823081E-09","1.88167867779452E-24","M2B sensor exposure flux proxy"
"0","0.5","1E-07","0","0","2.82743338823081E-09","0","M2B sensor exposure flux proxy"
"100","0.5","1E-07","0.198852891676274","1.98852891676274E-10","2.82743338823081E-09","5.62243305271742E-26","M2B sensor exposure flux proxy"
"500","0.5","1E-07","0.953918787617911","9.53918787617911E-10","2.82743338823081E-09","2.69714182977154E-25","M2B sensor exposure flux proxy"
"1000","0.5","1E-07","1.81304996550974","1.81304996550974E-09","2.82743338823081E-09","5.12627800701295E-25","M2B sensor exposure flux proxy"
"2000","0.5","1E-07","3.28368845420334","3.28368845420334E-09","2.82743338823081E-09","9.28441037196255E-25","M2B sensor exposure flux proxy"
"4000","0.5","1E-07","5.44418838087873","5.44418838087873E-09","2.82743338823081E-09","1.53930799999148E-24","M2B sensor exposure flux proxy"
"6000","0.5","1E-07","6.8656874049988","6.8656874049988E-09","2.82743338823081E-09","1.94122738020494E-24","M2B sensor exposure flux proxy"
"0","0.75","1E-07","0","0","2.82743338823081E-09","0","M2B sensor exposure flux proxy"
"100","0.75","1E-07","0.206553946278494","2.06553946278494E-10","2.82743338823081E-09","5.84017524178647E-26","M2B sensor exposure flux proxy"
"500","0.75","1E-07","0.989273487478987","9.89273487478987E-10","2.82743338823081E-09","2.79710488858962E-25","M2B sensor exposure flux proxy"
"1000","0.75","1E-07","1.87660301318413","1.87660301318413E-09","2.82743338823081E-09","5.30597001593137E-25","M2B sensor exposure flux proxy"
"2000","0.75","1E-07","3.38636864417121","3.38636864417121E-09","2.82743338823081E-09","9.57473176938759E-25","M2B sensor exposure flux proxy"
"4000","0.75","1E-07","5.57820680977722","5.57820680977722E-09","2.82743338823081E-09","1.57720081804206E-24","M2B sensor exposure flux proxy"
"6000","0.75","1E-07","6.99688122151802","6.99688122151802E-09","2.82743338823081E-09","1.97832155792053E-24","M2B sensor exposure flux proxy"
"0","1","1E-07","0","0","2.82743338823081E-09","0","M2B sensor exposure flux proxy"
"100","1","1E-07","0.212028130556788","2.12028130556788E-10","2.82743338823081E-09","5.99495415580423E-26","M2B sensor exposure flux proxy"
"500","1","1E-07","1.0143344693956","1.0143344693956E-09","2.82743338823081E-09","2.86796314560252E-25","M2B sensor exposure flux proxy"
"1000","1","1E-07","1.92149452047828","1.92149452047828E-09","2.82743338823081E-09","5.43289776250286E-25","M2B sensor exposure flux proxy"
"2000","1","1E-07","3.45839100009948","3.45839100009948E-09","2.82743338823081E-09","9.77837018323822E-25","M2B sensor exposure flux proxy"
"4000","1","1E-07","5.67089988461885","5.67089988461885E-09","2.82743338823081E-09","1.60340916750856E-24","M2B sensor exposure flux proxy"
"6000","1","1E-07","7.08635451769426","7.08635451769426E-09","2.82743338823081E-09","2.0036195364169E-24","M2B sensor exposure flux proxy"
"0","0.1","5E-07","0","0","2.82743338823081E-09","0","M2B sensor exposure flux proxy"
"100","0.1","5E-07","0.304735899418459","3.04735899418459E-10","2.82743338823081E-09","4.30810228304149E-25","M2B sensor exposure flux proxy"
"500","0.1","5E-07","1.42996840637543","1.42996840637543E-09","2.82743338823081E-09","2.02157020815055E-24","M2B sensor exposure flux proxy"
"1000","0.1","5E-07","2.64693580824754","2.64693580824754E-09","2.82743338823081E-09","3.74201734037141E-24","M2B sensor exposure flux proxy"
"2000","0.1","5E-07","4.56405191097602","4.56405191097602E-09","2.82743338823081E-09","6.45227637935612E-24","M2B sensor exposure flux proxy"
"4000","0.1","5E-07","6.9582527963183","6.9582527963183E-09","2.82743338823081E-09","9.83699814003039E-24","M2B sensor exposure flux proxy"
"6000","0.1","5E-07","8.21419773103486","8.21419773103486E-09","2.82743338823081E-09","1.16125484611289E-23","M2B sensor exposure flux proxy"
"0","0.25","5E-07","0","0","2.82743338823081E-09","0","M2B sensor exposure flux proxy"
"100","0.25","5E-07","0.336806934025248","3.36806934025248E-10","2.82743338823081E-09","4.76149585325319E-25","M2B sensor exposure flux proxy"
"500","0.25","5E-07","1.56994264998736","1.56994264998736E-09","2.82743338823081E-09","2.21945413309091E-24","M2B sensor exposure flux proxy"
"1000","0.25","5E-07","2.88314364119875","2.88314364119875E-09","2.82743338823081E-09","4.07594829709535E-24","M2B sensor exposure flux proxy"
"2000","0.25","5E-07","4.90040006825325","4.90040006825325E-09","2.82743338823081E-09","6.9277773843339E-24","M2B sensor exposure flux proxy"
"4000","0.25","5E-07","7.29935005015895","7.29935005015895E-09","2.82743338823081E-09","1.03192130221018E-23","M2B sensor exposure flux proxy"
"6000","0.25","5E-07","8.47373600549519","8.47373600549519E-09","2.82743338823081E-09","1.19794620524954E-23","M2B sensor exposure flux proxy"
"0","0.5","5E-07","0","0","2.82743338823081E-09","0","M2B sensor exposure flux proxy"
"100","0.5","5E-07","0.376421384137697","3.76421384137698E-10","2.82743338823081E-09","5.32153194777491E-25","M2B sensor exposure flux proxy"
"500","0.5","5E-07","1.74018477045137","1.74018477045137E-09","2.82743338823081E-09","2.4601282608325E-24","M2B sensor exposure flux proxy"
"1000","0.5","5E-07","3.16492755805786","3.16492755805786E-09","2.82743338823081E-09","4.47431092449231E-24","M2B sensor exposure flux proxy"
"2000","0.5","5E-07","5.28644194447467","5.28644194447467E-09","2.82743338823081E-09","7.47353122937576E-24","M2B sensor exposure flux proxy"
"4000","0.5","5E-07","7.66179342725131","7.66179342725131E-09","2.82743338823081E-09","1.08316052749689E-23","M2B sensor exposure flux proxy"
"6000","0.5","5E-07","8.72910764842164","8.72910764842164E-09","2.82743338823081E-09","1.23404852073042E-23","M2B sensor exposure flux proxy"
"0","0.75","5E-07","0","0","2.82743338823081E-09","0","M2B sensor exposure flux proxy"
"100","0.75","5E-07","0.405001911257384","4.05001911257384E-10","2.82743338823081E-09","5.72557963093211E-25","M2B sensor exposure flux proxy"
"500","0.75","5E-07","1.86120603415449","1.86120603415449E-09","2.82743338823081E-09","2.63121804167253E-24","M2B sensor exposure flux proxy"
"1000","0.75","5E-07","3.36156957856178","3.36156957856178E-09","2.82743338823081E-09","4.75230703164328E-24","M2B sensor exposure flux proxy"
"2000","0.75","5E-07","5.54604019550772","5.54604019550772E-09","2.82743338823081E-09","7.84052961062434E-24","M2B sensor exposure flux proxy"
"4000","0.75","5E-07","7.88806353162093","7.88806353162093E-09","2.82743338823081E-09","1.11514870988954E-23","M2B sensor exposure flux proxy"
"6000","0.75","5E-07","8.87707066347362","8.87707066347362E-09","2.82743338823081E-09","1.25496629917948E-23","M2B sensor exposure flux proxy"
"0","1","5E-07","0","0","2.82743338823081E-09","0","M2B sensor exposure flux proxy"
"100","1","5E-07","0.426594851824472","4.26594851824472E-10","2.82743338823081E-09","6.03084263647944E-25","M2B sensor exposure flux proxy"
"500","1","5E-07","1.95164668902277","1.95164668902277E-09","2.82743338823081E-09","2.75907550528655E-24","M2B sensor exposure flux proxy"
"1000","1","5E-07","3.50653037817329","3.50653037817329E-09","2.82743338823081E-09","4.9572405340464E-24","M2B sensor exposure flux proxy"
"2000","1","5E-07","5.73225291332032","5.73225291332032E-09","2.82743338823081E-09","8.10378163845261E-24","M2B sensor exposure flux proxy"
"4000","1","5E-07","8.04172213265426","8.04172213265426E-09","2.82743338823081E-09","1.13687168283707E-23","M2B sensor exposure flux proxy"
"6000","1","5E-07","8.97218492899334","8.97218492899334E-09","2.82743338823081E-09","1.26841276168085E-23","M2B sensor exposure flux proxy"
"0","0.1","1E-06","0","0","2.82743338823081E-09","0","M2B sensor exposure flux proxy"
"100","0.1","1E-06","0.363202502246851","3.63202502246851E-10","2.82743338823081E-09","1.02693088154172E-24","M2B sensor exposure flux proxy"
"500","0.1","1E-06","1.68370116149461","1.68370116149461E-09","2.82743338823081E-09","4.76055287981285E-24","M2B sensor exposure flux proxy"
"1000","0.1","1E-06","3.07210548952897","3.07210548952897E-09","2.82743338823081E-09","8.68617363326139E-24","M2B sensor exposure flux proxy"
"2000","0.1","1E-06","5.16110346460023","5.16110346460023E-09","2.82743338823081E-09","1.45926762559244E-23","M2B sensor exposure flux proxy"
"4000","0.1","1E-06","7.54752057791833","7.54752057791833E-09","2.82743338823081E-09","2.13401116803654E-23","M2B sensor exposure flux proxy"
"6000","0.1","1E-06","8.65096418795233","8.65096418795233E-09","2.82743338823081E-09","2.44600249854055E-23","M2B sensor exposure flux proxy"
"0","0.25","1E-06","0","0","2.82743338823081E-09","0","M2B sensor exposure flux proxy"
"100","0.25","1E-06","0.409696903409251","4.09696903409251E-10","2.82743338823081E-09","1.15839070375409E-24","M2B sensor exposure flux proxy"
"500","0.25","1E-06","1.88094311918137","1.88094311918137E-09","2.82743338823081E-09","5.31824137653641E-24","M2B sensor exposure flux proxy"
"1000","0.25","1E-06","3.39335009069651","3.39335009069651E-09","2.82743338823081E-09","9.59447134439138E-24","M2B sensor exposure flux proxy"
"2000","0.25","1E-06","5.58723926076489","5.58723926076489E-09","2.82743338823081E-09","1.57975468339207E-23","M2B sensor exposure flux proxy"
"4000","0.25","1E-06","7.92268242183889","7.92268242183889E-09","2.82743338823081E-09","2.24008568038566E-23","M2B sensor exposure flux proxy"
"6000","0.25","1E-06","8.89888811199231","8.89888811199231E-09","2.82743338823081E-09","2.51610133659773E-23","M2B sensor exposure flux proxy"
"0","0.5","1E-06","0","0","2.82743338823081E-09","0","M2B sensor exposure flux proxy"
"100","0.5","1E-06","0.469839634924897","4.69839634924897E-10","2.82743338823081E-09","1.32844027090083E-24","M2B sensor exposure flux proxy"
"500","0.5","1E-06","2.13023229564704","2.13023229564704E-09","2.82743338823081E-09","6.0230899174E-24","M2B sensor exposure flux proxy"
"1000","0.5","1E-06","3.78776775447973","3.78776775447973E-09","2.82743338823081E-09","1.07096610158801E-23","M2B sensor exposure flux proxy"
"2000","0.5","1E-06","6.08103711709734","6.08103711709734E-09","2.82743338823081E-09","1.71937273799519E-23","M2B sensor exposure flux proxy"
"4000","0.5","1E-06","8.31009377382848","8.31009377382848E-09","2.82743338823081E-09","2.34962365954516E-23","M2B sensor exposure flux proxy"
"6000","0.5","1E-06","9.12717373621639","9.12717373621639E-09","2.82743338823081E-09","2.58064757619616E-23","M2B sensor exposure flux proxy"
"0","0.75","1E-06","0","0","2.82743338823081E-09","0","M2B sensor exposure flux proxy"
"100","0.75","1E-06","0.515217189808491","5.15217189808491E-10","2.82743338823081E-09","1.45674228465498E-24","M2B sensor exposure flux proxy"
"500","0.75","1E-06","2.31402270867947","2.31402270867947E-09","2.82743338823081E-09","6.54274506764463E-24","M2B sensor exposure flux proxy"
"1000","0.75","1E-06","4.07026405316265","4.07026405316265E-09","2.82743338823081E-09","1.15084004828278E-23","M2B sensor exposure flux proxy"
"2000","0.75","1E-06","6.41479378731822","6.41479378731822E-09","2.82743338823081E-09","1.81374021328791E-23","M2B sensor exposure flux proxy"
"4000","0.75","1E-06","8.54317306069723","8.54317306069723E-09","2.82743338823081E-09","2.41552527532494E-23","M2B sensor exposure flux proxy"
"6000","0.75","1E-06","9.24935294450035","9.24935294450035E-09","2.82743338823081E-09","2.61519293348113E-23","M2B sensor exposure flux proxy"
"0","1","1E-06","0","0","2.82743338823081E-09","0","M2B sensor exposure flux proxy"
"100","1","1E-06","0.550672022558442","5.50672022558442E-10","2.82743338823081E-09","1.55698846254633E-24","M2B sensor exposure flux proxy"
"500","1","1E-06","2.45509083870246","2.45509083870246E-09","2.82743338823081E-09","6.94160580848693E-24","M2B sensor exposure flux proxy"
"1000","1","1E-06","4.28232011216734","4.28232011216734E-09","2.82743338823081E-09","1.21079748642343E-23","M2B sensor exposure flux proxy"
"2000","1","1E-06","6.65440423026459","6.65440423026459E-09","2.82743338823081E-09","1.88148846994345E-23","M2B sensor exposure flux proxy"
"4000","1","1E-06","8.69619432930384","8.69619432930384E-09","2.82743338823081E-09","2.45879101972171E-23","M2B sensor exposure flux proxy"
"6000","1","1E-06","9.32268269163901","9.32268269163901E-09","2.82743338823081E-09","2.63592643102217E-23","M2B sensor exposure flux proxy"
