concentration_pM,Kd_pM,noise_floor_pA,lambda_D_nm,effective_charge_distance_nm,N_bound,required_alpha0_for_detection
0.5,1.0,1.0,0.8,0.5,60.748659453509866,0.0004606787719052115
0.5,1.0,1.0,0.8,1.0,60.748659453509866,0.0008606612532867523
0.5,1.0,1.0,0.8,2.0,60.748659453509866,0.0030040029441696977
0.5,1.0,1.0,0.8,5.0,60.748659453509866,0.12773345551746976
0.5,1.0,1.0,0.8,10.0,60.748659453509866,66.16756809725253
0.5,1.0,1.0,3.0,0.5,60.748659453509866,0.0002913040769666022
0.5,1.0,1.0,3.0,1.0,60.748659453509866,0.0003441351046347111
0.5,1.0,1.0,3.0,2.0,60.748659453509866,0.00048027922793650427
0.5,1.0,1.0,3.0,5.0,60.748659453509866,0.0013055342978861393
0.5,1.0,1.0,3.0,10.0,60.748659453509866,0.006912138350705541
0.5,1.0,1.0,9.6,0.5,60.748659453509866,0.0002597668054129107
0.5,1.0,1.0,9.6,1.0,60.748659453509866,0.0002736548551532482
0.5,1.0,1.0,9.6,2.0,60.748659453509866,0.00030369816391075815
0.5,1.0,1.0,9.6,5.0,60.748659453509866,0.0004151061730980429
0.5,1.0,1.0,9.6,10.0,60.748659453509866,0.0006988021532670719
0.5,1.0,5.0,0.8,0.5,60.748659453509866,0.0023033938595260575
0.5,1.0,5.0,0.8,1.0,60.748659453509866,0.004303306266433762
0.5,1.0,5.0,0.8,2.0,60.748659453509866,0.015020014720848488
0.5,1.0,5.0,0.8,5.0,60.748659453509866,0.6386672775873488
0.5,1.0,5.0,0.8,10.0,60.748659453509866,330.8378404862626
0.5,1.0,5.0,3.0,0.5,60.748659453509866,0.0014565203848330107
0.5,1.0,5.0,3.0,1.0,60.748659453509866,0.0017206755231735551
0.5,1.0,5.0,3.0,2.0,60.748659453509866,0.0024013961396825213
0.5,1.0,5.0,3.0,5.0,60.748659453509866,0.006527671489430696
0.5,1.0,5.0,3.0,10.0,60.748659453509866,0.0345606917535277
0.5,1.0,5.0,9.6,0.5,60.748659453509866,0.0012988340270645533
0.5,1.0,5.0,9.6,1.0,60.748659453509866,0.001368274275766241
0.5,1.0,5.0,9.6,2.0,60.748659453509866,0.0015184908195537907
0.5,1.0,5.0,9.6,5.0,60.748659453509866,0.002075530865490214
0.5,1.0,5.0,9.6,10.0,60.748659453509866,0.003494010766335359
0.5,1.0,10.0,0.8,0.5,60.748659453509866,0.004606787719052115
0.5,1.0,10.0,0.8,1.0,60.748659453509866,0.008606612532867524
0.5,1.0,10.0,0.8,2.0,60.748659453509866,0.030040029441696977
0.5,1.0,10.0,0.8,5.0,60.748659453509866,1.2773345551746975
0.5,1.0,10.0,0.8,10.0,60.748659453509866,661.6756809725252
0.5,1.0,10.0,3.0,0.5,60.748659453509866,0.0029130407696660214
0.5,1.0,10.0,3.0,1.0,60.748659453509866,0.0034413510463471102
0.5,1.0,10.0,3.0,2.0,60.748659453509866,0.0048027922793650426
0.5,1.0,10.0,3.0,5.0,60.748659453509866,0.013055342978861392
0.5,1.0,10.0,3.0,10.0,60.748659453509866,0.0691213835070554
0.5,1.0,10.0,9.6,0.5,60.748659453509866,0.0025976680541291066
0.5,1.0,10.0,9.6,1.0,60.748659453509866,0.002736548551532482
0.5,1.0,10.0,9.6,2.0,60.748659453509866,0.0030369816391075813
0.5,1.0,10.0,9.6,5.0,60.748659453509866,0.004151061730980428
0.5,1.0,10.0,9.6,10.0,60.748659453509866,0.006988021532670718
0.5,1.0,50.0,0.8,0.5,60.748659453509866,0.023033938595260577
0.5,1.0,50.0,0.8,1.0,60.748659453509866,0.04303306266433762
0.5,1.0,50.0,0.8,2.0,60.748659453509866,0.15020014720848487
0.5,1.0,50.0,0.8,5.0,60.748659453509866,6.386672775873487
0.5,1.0,50.0,0.8,10.0,60.748659453509866,3308.378404862626
0.5,1.0,50.0,3.0,0.5,60.748659453509866,0.014565203848330108
0.5,1.0,50.0,3.0,1.0,60.748659453509866,0.01720675523173555
0.5,1.0,50.0,3.0,2.0,60.748659453509866,0.024013961396825212
0.5,1.0,50.0,3.0,5.0,60.748659453509866,0.06527671489430696
0.5,1.0,50.0,3.0,10.0,60.748659453509866,0.345606917535277
0.5,1.0,50.0,9.6,0.5,60.748659453509866,0.012988340270645535
0.5,1.0,50.0,9.6,1.0,60.748659453509866,0.01368274275766241
0.5,1.0,50.0,9.6,2.0,60.748659453509866,0.015184908195537906
0.5,1.0,50.0,9.6,5.0,60.748659453509866,0.020755308654902143
0.5,1.0,50.0,9.6,10.0,60.748659453509866,0.03494010766335359
0.5,1.0,100.0,0.8,0.5,60.748659453509866,0.046067877190521155
0.5,1.0,100.0,0.8,1.0,60.748659453509866,0.08606612532867523
0.5,1.0,100.0,0.8,2.0,60.748659453509866,0.30040029441696975
0.5,1.0,100.0,0.8,5.0,60.748659453509866,12.773345551746974
0.5,1.0,100.0,0.8,10.0,60.748659453509866,6616.756809725252
0.5,1.0,100.0,3.0,0.5,60.748659453509866,0.029130407696660216
0.5,1.0,100.0,3.0,1.0,60.748659453509866,0.0344135104634711
0.5,1.0,100.0,3.0,2.0,60.748659453509866,0.048027922793650424
0.5,1.0,100.0,3.0,5.0,60.748659453509866,0.13055342978861392
0.5,1.0,100.0,3.0,10.0,60.748659453509866,0.691213835070554
0.5,1.0,100.0,9.6,0.5,60.748659453509866,0.02597668054129107
0.5,1.0,100.0,9.6,1.0,60.748659453509866,0.02736548551532482
0.5,1.0,100.0,9.6,2.0,60.748659453509866,0.03036981639107581
0.5,1.0,100.0,9.6,5.0,60.748659453509866,0.041510617309804286
0.5,1.0,100.0,9.6,10.0,60.748659453509866,0.06988021532670718
0.5,10.0,1.0,0.8,0.5,8.361338754328685,0.0033470259553163807
0.5,10.0,1.0,0.8,1.0,8.361338754328685,0.00625306771044055
0.5,10.0,1.0,0.8,2.0,8.361338754328685,0.021825350845668216
0.5,10.0,1.0,0.8,5.0,8.361338754328685,0.9280375329887979
0.5,10.0,1.0,0.8,10.0,8.361338754328685,480.7353438617668
0.5,10.0,1.0,3.0,0.5,8.361338754328685,0.002116447220835504
0.5,10.0,1.0,3.0,1.0,8.361338754328685,0.00250028696261458
0.5,10.0,1.0,3.0,2.0,8.361338754328685,0.0034894315513056672
0.5,10.0,1.0,3.0,5.0,8.361338754328685,0.009485258377565852
0.5,10.0,1.0,3.0,10.0,8.361338754328685,0.0502196061061599
0.5,10.0,1.0,9.6,0.5,8.361338754328685,0.0018873156157182937
0.5,10.0,1.0,9.6,1.0,8.361338754328685,0.0019882181660081494
0.5,10.0,1.0,9.6,2.0,8.361338754328685,0.002206495500080013
0.5,10.0,1.0,9.6,5.0,8.361338754328685,0.0030159217665386116
0.5,10.0,1.0,9.6,10.0,8.361338754328685,0.0050770929490476175
0.5,10.0,5.0,0.8,0.5,8.361338754328685,0.0167351297765819
0.5,10.0,5.0,0.8,1.0,8.361338754328685,0.03126533855220275
0.5,10.0,5.0,0.8,2.0,8.361338754328685,0.10912675422834107
0.5,10.0,5.0,0.8,5.0,8.361338754328685,4.640187664943989
0.5,10.0,5.0,0.8,10.0,8.361338754328685,2403.676719308834
0.5,10.0,5.0,3.0,0.5,8.361338754328685,0.010582236104177519
0.5,10.0,5.0,3.0,1.0,8.361338754328685,0.012501434813072901
0.5,10.0,5.0,3.0,2.0,8.361338754328685,0.017447157756528334
0.5,10.0,5.0,3.0,5.0,8.361338754328685,0.04742629188782926
0.5,10.0,5.0,3.0,10.0,8.361338754328685,0.2510980305307995
0.5,10.0,5.0,9.6,0.5,8.361338754328685,0.009436578078591468
0.5,10.0,5.0,9.6,1.0,8.361338754328685,0.009941090830040748
0.5,10.0,5.0,9.6,2.0,8.361338754328685,0.011032477500400066
0.5,10.0,5.0,9.6,5.0,8.361338754328685,0.015079608832693058
0.5,10.0,5.0,9.6,10.0,8.361338754328685,0.025385464745238083
0.5,10.0,10.0,0.8,0.5,8.361338754328685,0.0334702595531638
0.5,10.0,10.0,0.8,1.0,8.361338754328685,0.0625306771044055
0.5,10.0,10.0,0.8,2.0,8.361338754328685,0.21825350845668215
0.5,10.0,10.0,0.8,5.0,8.361338754328685,9.280375329887978
0.5,10.0,10.0,0.8,10.0,8.361338754328685,4807.353438617668
0.5,10.0,10.0,3.0,0.5,8.361338754328685,0.021164472208355038
0.5,10.0,10.0,3.0,1.0,8.361338754328685,0.025002869626145802
0.5,10.0,10.0,3.0,2.0,8.361338754328685,0.03489431551305667
0.5,10.0,10.0,3.0,5.0,8.361338754328685,0.09485258377565851
0.5,10.0,10.0,3.0,10.0,8.361338754328685,0.502196061061599
0.5,10.0,10.0,9.6,0.5,8.361338754328685,0.018873156157182935
0.5,10.0,10.0,9.6,1.0,8.361338754328685,0.019882181660081495
0.5,10.0,10.0,9.6,2.0,8.361338754328685,0.02206495500080013
0.5,10.0,10.0,9.6,5.0,8.361338754328685,0.030159217665386116
0.5,10.0,10.0,9.6,10.0,8.361338754328685,0.050770929490476166
0.5,10.0,50.0,0.8,0.5,8.361338754328685,0.16735129776581903
0.5,10.0,50.0,0.8,1.0,8.361338754328685,0.3126533855220275
0.5,10.0,50.0,0.8,2.0,8.361338754328685,1.0912675422834106
0.5,10.0,50.0,0.8,5.0,8.361338754328685,46.40187664943989
0.5,10.0,50.0,0.8,10.0,8.361338754328685,24036.76719308834
0.5,10.0,50.0,3.0,0.5,8.361338754328685,0.10582236104177518
0.5,10.0,50.0,3.0,1.0,8.361338754328685,0.125014348130729
0.5,10.0,50.0,3.0,2.0,8.361338754328685,0.17447157756528336
0.5,10.0,50.0,3.0,5.0,8.361338754328685,0.4742629188782926
0.5,10.0,50.0,3.0,10.0,8.361338754328685,2.510980305307995
0.5,10.0,50.0,9.6,0.5,8.361338754328685,0.09436578078591468
0.5,10.0,50.0,9.6,1.0,8.361338754328685,0.09941090830040747
0.5,10.0,50.0,9.6,2.0,8.361338754328685,0.11032477500400065
0.5,10.0,50.0,9.6,5.0,8.361338754328685,0.1507960883269306
0.5,10.0,50.0,9.6,10.0,8.361338754328685,0.25385464745238084
0.5,10.0,100.0,0.8,0.5,8.361338754328685,0.33470259553163806
0.5,10.0,100.0,0.8,1.0,8.361338754328685,0.625306771044055
0.5,10.0,100.0,0.8,2.0,8.361338754328685,2.182535084566821
0.5,10.0,100.0,0.8,5.0,8.361338754328685,92.80375329887978
0.5,10.0,100.0,0.8,10.0,8.361338754328685,48073.53438617668
0.5,10.0,100.0,3.0,0.5,8.361338754328685,0.21164472208355037
0.5,10.0,100.0,3.0,1.0,8.361338754328685,0.250028696261458
0.5,10.0,100.0,3.0,2.0,8.361338754328685,0.34894315513056673
0.5,10.0,100.0,3.0,5.0,8.361338754328685,0.9485258377565852
0.5,10.0,100.0,3.0,10.0,8.361338754328685,5.02196061061599
0.5,10.0,100.0,9.6,0.5,8.361338754328685,0.18873156157182935
0.5,10.0,100.0,9.6,1.0,8.361338754328685,0.19882181660081494
0.5,10.0,100.0,9.6,2.0,8.361338754328685,0.2206495500080013
0.5,10.0,100.0,9.6,5.0,8.361338754328685,0.3015921766538612
0.5,10.0,100.0,9.6,10.0,8.361338754328685,0.5077092949047617
0.5,100.0,1.0,0.8,0.5,0.8688353099937532,0.03221049778942807
0.5,100.0,1.0,0.8,1.0,0.8688353099937532,0.06017713228197853
0.5,100.0,1.0,0.8,2.0,0.8688353099937532,0.21003882986065336
0.5,100.0,1.0,0.8,5.0,0.8688353099937532,8.931078307702078
0.5,100.0,1.0,0.8,10.0,0.8688353099937532,4626.41310150691
0.5,100.0,1.0,3.0,0.5,0.8688353099937532,0.020367878659524524
0.5,100.0,1.0,3.0,1.0,0.8688353099937532,0.02406180554241327
0.5,100.0,1.0,3.0,2.0,0.8688353099937532,0.0335809547849973
0.5,100.0,1.0,3.0,5.0,0.8688353099937532,0.09128249917436297
0.5,100.0,1.0,3.0,10.0,0.8688353099937532,0.4832942836607035
0.5,100.0,1.0,9.6,0.5,0.8688353099937532,0.018162803718772123
0.5,100.0,1.0,9.6,1.0,0.8688353099937532,0.019133851274557166
0.5,100.0,1.0,9.6,2.0,0.8688353099937532,0.021234468861772566
0.5,100.0,1.0,9.6,5.0,0.8688353099937532,0.029024077700944298
0.5,100.0,1.0,9.6,10.0,0.8688353099937532,0.048860000906853066
0.5,100.0,5.0,0.8,0.5,0.8688353099937532,0.16105248894714033
0.5,100.0,5.0,0.8,1.0,0.8688353099937532,0.30088566140989265
0.5,100.0,5.0,0.8,2.0,0.8688353099937532,1.0501941493032667
0.5,100.0,5.0,0.8,5.0,0.8688353099937532,44.655391538510386
0.5,100.0,5.0,0.8,10.0,0.8688353099937532,23132.065507534546
0.5,100.0,5.0,3.0,0.5,0.8688353099937532,0.10183939329762261
0.5,100.0,5.0,3.0,1.0,0.8688353099937532,0.12030902771206635
0.5,100.0,5.0,3.0,2.0,0.8688353099937532,0.16790477392498648
0.5,100.0,5.0,3.0,5.0,0.8688353099937532,0.4564124958718148
0.5,100.0,5.0,3.0,10.0,0.8688353099937532,2.416471418303517
0.5,100.0,5.0,9.6,0.5,0.8688353099937532,0.09081401859386061
0.5,100.0,5.0,9.6,1.0,0.8688353099937532,0.09566925637278582
0.5,100.0,5.0,9.6,2.0,0.8688353099937532,0.10617234430886281
0.5,100.0,5.0,9.6,5.0,0.8688353099937532,0.14512038850472148
0.5,100.0,5.0,9.6,10.0,0.8688353099937532,0.2443000045342653
0.5,100.0,10.0,0.8,0.5,0.8688353099937532,0.32210497789428066
0.5,100.0,10.0,0.8,1.0,0.8688353099937532,0.6017713228197853
0.5,100.0,10.0,0.8,2.0,0.8688353099937532,2.1003882986065334
0.5,100.0,10.0,0.8,5.0,0.8688353099937532,89.31078307702077
0.5,100.0,10.0,0.8,10.0,0.8688353099937532,46264.13101506909
0.5,100.0,10.0,3.0,0.5,0.8688353099937532,0.20367878659524521
0.5,100.0,10.0,3.0,1.0,0.8688353099937532,0.2406180554241327
0.5,100.0,10.0,3.0,2.0,0.8688353099937532,0.33580954784997297
0.5,100.0,10.0,3.0,5.0,0.8688353099937532,0.9128249917436296
0.5,100.0,10.0,3.0,10.0,0.8688353099937532,4.832942836607034
0.5,100.0,10.0,9.6,0.5,0.8688353099937532,0.18162803718772122
0.5,100.0,10.0,9.6,1.0,0.8688353099937532,0.19133851274557165
0.5,100.0,10.0,9.6,2.0,0.8688353099937532,0.21234468861772562
0.5,100.0,10.0,9.6,5.0,0.8688353099937532,0.29024077700944295
0.5,100.0,10.0,9.6,10.0,0.8688353099937532,0.4886000090685306
0.5,100.0,50.0,0.8,0.5,0.8688353099937532,1.6105248894714033
0.5,100.0,50.0,0.8,1.0,0.8688353099937532,3.0088566140989266
0.5,100.0,50.0,0.8,2.0,0.8688353099937532,10.501941493032668
0.5,100.0,50.0,0.8,5.0,0.8688353099937532,446.5539153851039
0.5,100.0,50.0,0.8,10.0,0.8688353099937532,231320.65507534545
0.5,100.0,50.0,3.0,0.5,0.8688353099937532,1.0183939329762262
0.5,100.0,50.0,3.0,1.0,0.8688353099937532,1.2030902771206635
0.5,100.0,50.0,3.0,2.0,0.8688353099937532,1.6790477392498648
0.5,100.0,50.0,3.0,5.0,0.8688353099937532,4.564124958718148
0.5,100.0,50.0,3.0,10.0,0.8688353099937532,24.164714183035173
0.5,100.0,50.0,9.6,0.5,0.8688353099937532,0.9081401859386061
0.5,100.0,50.0,9.6,1.0,0.8688353099937532,0.9566925637278582
0.5,100.0,50.0,9.6,2.0,0.8688353099937532,1.0617234430886282
0.5,100.0,50.0,9.6,5.0,0.8688353099937532,1.4512038850472149
0.5,100.0,50.0,9.6,10.0,0.8688353099937532,2.4430000453426532
0.5,100.0,100.0,0.8,0.5,0.8688353099937532,3.2210497789428065
0.5,100.0,100.0,0.8,1.0,0.8688353099937532,6.017713228197853
0.5,100.0,100.0,0.8,2.0,0.8688353099937532,21.003882986065335
0.5,100.0,100.0,0.8,5.0,0.8688353099937532,893.1078307702078
0.5,100.0,100.0,0.8,10.0,0.8688353099937532,462641.3101506909
0.5,100.0,100.0,3.0,0.5,0.8688353099937532,2.0367878659524523
0.5,100.0,100.0,3.0,1.0,0.8688353099937532,2.406180554241327
0.5,100.0,100.0,3.0,2.0,0.8688353099937532,3.3580954784997297
0.5,100.0,100.0,3.0,5.0,0.8688353099937532,9.128249917436296
0.5,100.0,100.0,3.0,10.0,0.8688353099937532,48.329428366070346
0.5,100.0,100.0,9.6,0.5,0.8688353099937532,1.8162803718772123
0.5,100.0,100.0,9.6,1.0,0.8688353099937532,1.9133851274557163
0.5,100.0,100.0,9.6,2.0,0.8688353099937532,2.1234468861772564
0.5,100.0,100.0,9.6,5.0,0.8688353099937532,2.9024077700944297
0.5,100.0,100.0,9.6,10.0,0.8688353099937532,4.8860000906853065
1.0,1.0,1.0,0.8,0.5,93.18408595319649,0.000300326150604591
1.0,1.0,1.0,0.8,1.0,93.18408595319649,0.000561083116778208
1.0,1.0,1.0,0.8,2.0,93.18408595319649,0.001958372505197558
1.0,1.0,1.0,0.8,5.0,93.18408595319649,0.08327211788017375
1.0,1.0,1.0,0.8,10.0,93.18408595319649,43.136024999223956
1.0,1.0,1.0,3.0,0.5,93.18408595319649,0.00018990723564055206
1.0,1.0,1.0,3.0,1.0,93.18408595319649,0.0002243488903024961
1.0,1.0,1.0,3.0,2.0,93.18408595319649,0.0003131040988604396
1.0,1.0,1.0,3.0,5.0,93.18408595319649,0.0008511051823483776
1.0,1.0,1.0,3.0,10.0,93.18408595319649,0.004506167919846965
1.0,1.0,1.0,9.6,0.5,93.18408595319649,0.00016934742706261162
1.0,1.0,1.0,9.6,1.0,93.18408595319649,0.0001784013378835315
1.0,1.0,1.0,9.6,2.0,93.18408595319649,0.00019798720079024397
1.0,1.0,1.0,9.6,5.0,93.18408595319649,0.0002706164179069001
1.0,1.0,1.0,9.6,10.0,93.18408595319649,0.0004555637757237083
1.0,1.0,5.0,0.8,0.5,93.18408595319649,0.0015016307530229549
1.0,1.0,5.0,0.8,1.0,93.18408595319649,0.0028054155838910396
1.0,1.0,5.0,0.8,2.0,93.18408595319649,0.00979186252598779
1.0,1.0,5.0,0.8,5.0,93.18408595319649,0.41636058940086873
1.0,1.0,5.0,0.8,10.0,93.18408595319649,215.6801249961198
1.0,1.0,5.0,3.0,0.5,93.18408595319649,0.0009495361782027602
1.0,1.0,5.0,3.0,1.0,93.18408595319649,0.0011217444515124804
1.0,1.0,5.0,3.0,2.0,93.18408595319649,0.001565520494302198
1.0,1.0,5.0,3.0,5.0,93.18408595319649,0.004255525911741887
1.0,1.0,5.0,3.0,10.0,93.18408595319649,0.022530839599234822
1.0,1.0,5.0,9.6,0.5,93.18408595319649,0.000846737135313058
1.0,1.0,5.0,9.6,1.0,93.18408595319649,0.0008920066894176574
1.0,1.0,5.0,9.6,2.0,93.18408595319649,0.0009899360039512198
1.0,1.0,5.0,9.6,5.0,93.18408595319649,0.0013530820895345005
1.0,1.0,5.0,9.6,10.0,93.18408595319649,0.0022778188786185412
1.0,1.0,10.0,0.8,0.5,93.18408595319649,0.0030032615060459097
1.0,1.0,10.0,0.8,1.0,93.18408595319649,0.005610831167782079
1.0,1.0,10.0,0.8,2.0,93.18408595319649,0.01958372505197558
1.0,1.0,10.0,0.8,5.0,93.18408595319649,0.8327211788017375
1.0,1.0,10.0,0.8,10.0,93.18408595319649,431.3602499922396
1.0,1.0,10.0,3.0,0.5,93.18408595319649,0.0018990723564055205
1.0,1.0,10.0,3.0,1.0,93.18408595319649,0.002243488903024961
1.0,1.0,10.0,3.0,2.0,93.18408595319649,0.003131040988604396
1.0,1.0,10.0,3.0,5.0,93.18408595319649,0.008511051823483775
1.0,1.0,10.0,3.0,10.0,93.18408595319649,0.045061679198469644
1.0,1.0,10.0,9.6,0.5,93.18408595319649,0.001693474270626116
1.0,1.0,10.0,9.6,1.0,93.18408595319649,0.0017840133788353148
1.0,1.0,10.0,9.6,2.0,93.18408595319649,0.0019798720079024397
1.0,1.0,10.0,9.6,5.0,93.18408595319649,0.002706164179069001
1.0,1.0,10.0,9.6,10.0,93.18408595319649,0.0045556377572370825
1.0,1.0,50.0,0.8,0.5,93.18408595319649,0.015016307530229549
1.0,1.0,50.0,0.8,1.0,93.18408595319649,0.028054155838910397
1.0,1.0,50.0,0.8,2.0,93.18408595319649,0.09791862525987789
1.0,1.0,50.0,0.8,5.0,93.18408595319649,4.163605894008687
1.0,1.0,50.0,0.8,10.0,93.18408595319649,2156.8012499611978
1.0,1.0,50.0,3.0,0.5,93.18408595319649,0.009495361782027603
1.0,1.0,50.0,3.0,1.0,93.18408595319649,0.011217444515124804
1.0,1.0,50.0,3.0,2.0,93.18408595319649,0.015655204943021982
1.0,1.0,50.0,3.0,5.0,93.18408595319649,0.04255525911741888
1.0,1.0,50.0,3.0,10.0,93.18408595319649,0.22530839599234823
1.0,1.0,50.0,9.6,0.5,93.18408595319649,0.00846737135313058
1.0,1.0,50.0,9.6,1.0,93.18408595319649,0.008920066894176574
1.0,1.0,50.0,9.6,2.0,93.18408595319649,0.009899360039512198
1.0,1.0,50.0,9.6,5.0,93.18408595319649,0.013530820895345005
1.0,1.0,50.0,9.6,10.0,93.18408595319649,0.022778188786185413
1.0,1.0,100.0,0.8,0.5,93.18408595319649,0.030032615060459098
1.0,1.0,100.0,0.8,1.0,93.18408595319649,0.056108311677820794
1.0,1.0,100.0,0.8,2.0,93.18408595319649,0.19583725051975578
1.0,1.0,100.0,0.8,5.0,93.18408595319649,8.327211788017374
1.0,1.0,100.0,0.8,10.0,93.18408595319649,4313.6024999223955
1.0,1.0,100.0,3.0,0.5,93.18408595319649,0.018990723564055206
1.0,1.0,100.0,3.0,1.0,93.18408595319649,0.022434889030249608
1.0,1.0,100.0,3.0,2.0,93.18408595319649,0.031310409886043965
1.0,1.0,100.0,3.0,5.0,93.18408595319649,0.08511051823483776
1.0,1.0,100.0,3.0,10.0,93.18408595319649,0.45061679198469645
1.0,1.0,100.0,9.6,0.5,93.18408595319649,0.01693474270626116
1.0,1.0,100.0,9.6,1.0,93.18408595319649,0.017840133788353148
1.0,1.0,100.0,9.6,2.0,93.18408595319649,0.019798720079024397
1.0,1.0,100.0,9.6,5.0,93.18408595319649,0.02706164179069001
1.0,1.0,100.0,9.6,10.0,93.18408595319649,0.045556377572370826
1.0,10.0,1.0,0.8,0.5,16.051403480478456,0.0017434997423101755
1.0,10.0,1.0,0.8,1.0,16.051403480478456,0.0032572863453551072
1.0,10.0,1.0,0.8,2.0,16.051403480478456,0.011369046455946817
1.0,10.0,1.0,0.8,5.0,16.051403480478456,0.48342415661583776
1.0,10.0,1.0,0.8,10.0,16.051403480478456,250.4199128814811
1.0,10.0,1.0,3.0,0.5,16.051403480478456,0.001102478807575003
1.0,10.0,1.0,3.0,1.0,16.051403480478456,0.0013024248192924307
1.0,10.0,1.0,3.0,2.0,16.051403480478456,0.0018176802605450212
1.0,10.0,1.0,3.0,5.0,16.051403480478456,0.004940967222188233
1.0,10.0,1.0,3.0,10.0,16.051403480478456,0.026159901797574145
1.0,10.0,1.0,9.6,0.5,16.051403480478456,0.0009831218322153032
1.0,10.0,1.0,9.6,1.0,16.051403480478456,0.001035682993310982
1.0,10.0,1.0,9.6,2.0,16.051403480478456,0.0011493858688748715
1.0,10.0,1.0,9.6,5.0,16.051403480478456,0.0015710242146271848
1.0,10.0,1.0,9.6,10.0,16.051403480478456,0.002644709173613981
1.0,10.0,5.0,0.8,0.5,16.051403480478456,0.008717498711550876
1.0,10.0,5.0,0.8,1.0,16.051403480478456,0.016286431726775536
1.0,10.0,5.0,0.8,2.0,16.051403480478456,0.056845232279734086
1.0,10.0,5.0,0.8,5.0,16.051403480478456,2.4171207830791888
1.0,10.0,5.0,0.8,10.0,16.051403480478456,1252.0995644074055
1.0,10.0,5.0,3.0,0.5,16.051403480478456,0.005512394037875014
1.0,10.0,5.0,3.0,1.0,16.051403480478456,0.006512124096462153
1.0,10.0,5.0,3.0,2.0,16.051403480478456,0.009088401302725105
1.0,10.0,5.0,3.0,5.0,16.051403480478456,0.024704836110941167
1.0,10.0,5.0,3.0,10.0,16.051403480478456,0.1307995089878707
1.0,10.0,5.0,9.6,0.5,16.051403480478456,0.0049156091610765154
1.0,10.0,5.0,9.6,1.0,16.051403480478456,0.00517841496655491
1.0,10.0,5.0,9.6,2.0,16.051403480478456,0.005746929344374358
1.0,10.0,5.0,9.6,5.0,16.051403480478456,0.007855121073135922
1.0,10.0,5.0,9.6,10.0,16.051403480478456,0.013223545868069904
1.0,10.0,10.0,0.8,0.5,16.051403480478456,0.017434997423101752
1.0,10.0,10.0,0.8,1.0,16.051403480478456,0.03257286345355107
1.0,10.0,10.0,0.8,2.0,16.051403480478456,0.11369046455946817
1.0,10.0,10.0,0.8,5.0,16.051403480478456,4.8342415661583775
1.0,10.0,10.0,0.8,10.0,16.051403480478456,2504.199128814811
1.0,10.0,10.0,3.0,0.5,16.051403480478456,0.011024788075750028
1.0,10.0,10.0,3.0,1.0,16.051403480478456,0.013024248192924305
1.0,10.0,10.0,3.0,2.0,16.051403480478456,0.01817680260545021
1.0,10.0,10.0,3.0,5.0,16.051403480478456,0.049409672221882334
1.0,10.0,10.0,3.0,10.0,16.051403480478456,0.2615990179757414
1.0,10.0,10.0,9.6,0.5,16.051403480478456,0.009831218322153031
1.0,10.0,10.0,9.6,1.0,16.051403480478456,0.01035682993310982
1.0,10.0,10.0,9.6,2.0,16.051403480478456,0.011493858688748715
1.0,10.0,10.0,9.6,5.0,16.051403480478456,0.015710242146271845
1.0,10.0,10.0,9.6,10.0,16.051403480478456,0.026447091736139808
1.0,10.0,50.0,0.8,0.5,16.051403480478456,0.08717498711550876
1.0,10.0,50.0,0.8,1.0,16.051403480478456,0.16286431726775535
1.0,10.0,50.0,0.8,2.0,16.051403480478456,0.5684523227973408
1.0,10.0,50.0,0.8,5.0,16.051403480478456,24.171207830791886
1.0,10.0,50.0,0.8,10.0,16.051403480478456,12520.995644074055
1.0,10.0,50.0,3.0,0.5,16.051403480478456,0.055123940378750146
1.0,10.0,50.0,3.0,1.0,16.051403480478456,0.06512124096462153
1.0,10.0,50.0,3.0,2.0,16.051403480478456,0.09088401302725105
1.0,10.0,50.0,3.0,5.0,16.051403480478456,0.24704836110941167
1.0,10.0,50.0,3.0,10.0,16.051403480478456,1.3079950898787072
1.0,10.0,50.0,9.6,0.5,16.051403480478456,0.04915609161076516
1.0,10.0,50.0,9.6,1.0,16.051403480478456,0.051784149665549103
1.0,10.0,50.0,9.6,2.0,16.051403480478456,0.057469293443743574
1.0,10.0,50.0,9.6,5.0,16.051403480478456,0.07855121073135923
1.0,10.0,50.0,9.6,10.0,16.051403480478456,0.13223545868069905
1.0,10.0,100.0,0.8,0.5,16.051403480478456,0.17434997423101753
1.0,10.0,100.0,0.8,1.0,16.051403480478456,0.3257286345355107
1.0,10.0,100.0,0.8,2.0,16.051403480478456,1.1369046455946816
1.0,10.0,100.0,0.8,5.0,16.051403480478456,48.34241566158377
1.0,10.0,100.0,0.8,10.0,16.051403480478456,25041.99128814811
1.0,10.0,100.0,3.0,0.5,16.051403480478456,0.11024788075750029
1.0,10.0,100.0,3.0,1.0,16.051403480478456,0.13024248192924306
1.0,10.0,100.0,3.0,2.0,16.051403480478456,0.1817680260545021
1.0,10.0,100.0,3.0,5.0,16.051403480478456,0.49409672221882334
1.0,10.0,100.0,3.0,10.0,16.051403480478456,2.6159901797574143
1.0,10.0,100.0,9.6,0.5,16.051403480478456,0.09831218322153032
1.0,10.0,100.0,9.6,1.0,16.051403480478456,0.10356829933109821
1.0,10.0,100.0,9.6,2.0,16.051403480478456,0.11493858688748715
1.0,10.0,100.0,9.6,5.0,16.051403480478456,0.15710242146271847
1.0,10.0,100.0,9.6,10.0,16.051403480478456,0.2644709173613981
1.0,100.0,1.0,0.8,0.5,1.7301520930686534,0.016175235659366023
1.0,100.0,1.0,0.8,1.0,1.7301520930686534,0.030219318631124103
1.0,100.0,1.0,0.8,2.0,1.7301520930686534,0.10547578596343941
1.0,100.0,1.0,0.8,5.0,1.7301520930686534,4.484944543972479
1.0,100.0,1.0,0.8,10.0,1.7301520930686534,2323.258791704053
1.0,100.0,1.0,3.0,0.5,1.7301520930686534,0.010228194526919514
1.0,100.0,1.0,3.0,1.0,1.7301520930686534,0.012083184109191777
1.0,100.0,1.0,3.0,2.0,1.7301520930686534,0.016863441877390837
1.0,100.0,1.0,3.0,5.0,1.7301520930686534,0.045839587620586805
1.0,100.0,1.0,3.0,10.0,1.7301520930686534,0.24269724057484596
1.0,100.0,1.0,9.6,0.5,1.7301520930686534,0.009120865883742219
1.0,100.0,1.0,9.6,1.0,1.7301520930686534,0.00960849954758549
1.0,100.0,1.0,9.6,2.0,1.7301520930686534,0.010663372549721148
1.0,100.0,1.0,9.6,5.0,1.7301520930686534,0.01457510218183003
1.0,100.0,1.0,9.6,10.0,1.7301520930686534,0.02453616315251671
1.0,100.0,5.0,0.8,0.5,1.7301520930686534,0.08087617829683011
1.0,100.0,5.0,0.8,1.0,1.7301520930686534,0.1510965931556205
1.0,100.0,5.0,0.8,2.0,1.7301520930686534,0.527378929817197
1.0,100.0,5.0,0.8,5.0,1.7301520930686534,22.42472271986239
1.0,100.0,5.0,0.8,10.0,1.7301520930686534,11616.293958520264
1.0,100.0,5.0,3.0,0.5,1.7301520930686534,0.05114097263459757
1.0,100.0,5.0,3.0,1.0,1.7301520930686534,0.06041592054595888
1.0,100.0,5.0,3.0,2.0,1.7301520930686534,0.08431720938695418
1.0,100.0,5.0,3.0,5.0,1.7301520930686534,0.229197938102934
1.0,100.0,5.0,3.0,10.0,1.7301520930686534,1.2134862028742297
1.0,100.0,5.0,9.6,0.5,1.7301520930686534,0.04560432941871109
1.0,100.0,5.0,9.6,1.0,1.7301520930686534,0.04804249773792745
1.0,100.0,5.0,9.6,2.0,1.7301520930686534,0.05331686274860574
1.0,100.0,5.0,9.6,5.0,1.7301520930686534,0.07287551090915015
1.0,100.0,5.0,9.6,10.0,1.7301520930686534,0.12268081576258355
1.0,100.0,10.0,0.8,0.5,1.7301520930686534,0.16175235659366022
1.0,100.0,10.0,0.8,1.0,1.7301520930686534,0.302193186311241
1.0,100.0,10.0,0.8,2.0,1.7301520930686534,1.054757859634394
1.0,100.0,10.0,0.8,5.0,1.7301520930686534,44.84944543972478
1.0,100.0,10.0,0.8,10.0,1.7301520930686534,23232.587917040528
1.0,100.0,10.0,3.0,0.5,1.7301520930686534,0.10228194526919514
1.0,100.0,10.0,3.0,1.0,1.7301520930686534,0.12083184109191776
1.0,100.0,10.0,3.0,2.0,1.7301520930686534,0.16863441877390836
1.0,100.0,10.0,3.0,5.0,1.7301520930686534,0.458395876205868
1.0,100.0,10.0,3.0,10.0,1.7301520930686534,2.4269724057484594
1.0,100.0,10.0,9.6,0.5,1.7301520930686534,0.09120865883742219
1.0,100.0,10.0,9.6,1.0,1.7301520930686534,0.0960849954758549
1.0,100.0,10.0,9.6,2.0,1.7301520930686534,0.10663372549721148
1.0,100.0,10.0,9.6,5.0,1.7301520930686534,0.1457510218183003
1.0,100.0,10.0,9.6,10.0,1.7301520930686534,0.2453616315251671
1.0,100.0,50.0,0.8,0.5,1.7301520930686534,0.808761782968301
1.0,100.0,50.0,0.8,1.0,1.7301520930686534,1.510965931556205
1.0,100.0,50.0,0.8,2.0,1.7301520930686534,5.2737892981719705
1.0,100.0,50.0,0.8,5.0,1.7301520930686534,224.24722719862393
1.0,100.0,50.0,0.8,10.0,1.7301520930686534,116162.93958520264
1.0,100.0,50.0,3.0,0.5,1.7301520930686534,0.5114097263459757
1.0,100.0,50.0,3.0,1.0,1.7301520930686534,0.6041592054595888
1.0,100.0,50.0,3.0,2.0,1.7301520930686534,0.8431720938695418
1.0,100.0,50.0,3.0,5.0,1.7301520930686534,2.29197938102934
1.0,100.0,50.0,3.0,10.0,1.7301520930686534,12.134862028742297
1.0,100.0,50.0,9.6,0.5,1.7301520930686534,0.4560432941871109
1.0,100.0,50.0,9.6,1.0,1.7301520930686534,0.48042497737927453
1.0,100.0,50.0,9.6,2.0,1.7301520930686534,0.5331686274860574
1.0,100.0,50.0,9.6,5.0,1.7301520930686534,0.7287551090915014
1.0,100.0,50.0,9.6,10.0,1.7301520930686534,1.2268081576258356
1.0,100.0,100.0,0.8,0.5,1.7301520930686534,1.617523565936602
1.0,100.0,100.0,0.8,1.0,1.7301520930686534,3.02193186311241
1.0,100.0,100.0,0.8,2.0,1.7301520930686534,10.547578596343941
1.0,100.0,100.0,0.8,5.0,1.7301520930686534,448.49445439724786
1.0,100.0,100.0,0.8,10.0,1.7301520930686534,232325.87917040527
1.0,100.0,100.0,3.0,0.5,1.7301520930686534,1.0228194526919514
1.0,100.0,100.0,3.0,1.0,1.7301520930686534,1.2083184109191776
1.0,100.0,100.0,3.0,2.0,1.7301520930686534,1.6863441877390837
1.0,100.0,100.0,3.0,5.0,1.7301520930686534,4.58395876205868
1.0,100.0,100.0,3.0,10.0,1.7301520930686534,24.269724057484595
1.0,100.0,100.0,9.6,0.5,1.7301520930686534,0.9120865883742219
1.0,100.0,100.0,9.6,1.0,1.7301520930686534,0.9608499547585491
1.0,100.0,100.0,9.6,2.0,1.7301520930686534,1.0663372549721148
1.0,100.0,100.0,9.6,5.0,1.7301520930686534,1.4575102181830029
1.0,100.0,100.0,9.6,10.0,1.7301520930686534,2.4536163152516712
10.0,1.0,1.0,0.8,0.5,179.3848768052562,0.00015600879143403258
10.0,1.0,1.0,0.8,1.0,179.3848768052562,0.0002914627939205181
10.0,1.0,1.0,0.8,2.0,179.3848768052562,0.0010173051101226324
10.0,1.0,1.0,0.8,5.0,179.3848768052562,0.043256914006607354
10.0,1.0,1.0,0.8,10.0,179.3848768052562,22.40763621099824
10.0,1.0,1.0,3.0,0.5,179.3848768052562,9.865007844710696e-05
10.0,1.0,1.0,3.0,1.0,179.3848768052562,0.00011654129740350264
10.0,1.0,1.0,3.0,2.0,179.3848768052562,0.00016264648269198153
10.0,1.0,1.0,3.0,5.0,179.3848768052562,0.000442118978364392
10.0,1.0,1.0,3.0,10.0,179.3848768052562,0.0023407945320742477
10.0,1.0,1.0,9.6,0.5,179.3848768052562,8.796998654734247e-05
10.0,1.0,1.0,9.6,1.0,179.3848768052562,9.267317234078642e-05
10.0,1.0,1.0,9.6,2.0,179.3848768052562,0.00010284733398178125
10.0,1.0,1.0,9.6,5.0,179.3848768052562,0.0001405756382348717
10.0,1.0,1.0,9.6,10.0,179.3848768052562,0.000236649235934681
10.0,1.0,5.0,0.8,0.5,179.3848768052562,0.0007800439571701629
10.0,1.0,5.0,0.8,1.0,179.3848768052562,0.0014573139696025905
10.0,1.0,5.0,0.8,2.0,179.3848768052562,0.0050865255506131616
10.0,1.0,5.0,0.8,5.0,179.3848768052562,0.21628457003303675
10.0,1.0,5.0,0.8,10.0,179.3848768052562,112.0381810549912
10.0,1.0,5.0,3.0,0.5,179.3848768052562,0.0004932503922355347
10.0,1.0,5.0,3.0,1.0,179.3848768052562,0.0005827064870175131
10.0,1.0,5.0,3.0,2.0,179.3848768052562,0.0008132324134599076
10.0,1.0,5.0,3.0,5.0,179.3848768052562,0.00221059489182196
10.0,1.0,5.0,3.0,10.0,179.3848768052562,0.011703972660371237
10.0,1.0,5.0,9.6,0.5,179.3848768052562,0.0004398499327367123
10.0,1.0,5.0,9.6,1.0,179.3848768052562,0.00046336586170393204
10.0,1.0,5.0,9.6,2.0,179.3848768052562,0.0005142366699089062
10.0,1.0,5.0,9.6,5.0,179.3848768052562,0.0007028781911743586
10.0,1.0,5.0,9.6,10.0,179.3848768052562,0.0011832461796734048
10.0,1.0,10.0,0.8,0.5,179.3848768052562,0.0015600879143403258
10.0,1.0,10.0,0.8,1.0,179.3848768052562,0.002914627939205181
10.0,1.0,10.0,0.8,2.0,179.3848768052562,0.010173051101226323
10.0,1.0,10.0,0.8,5.0,179.3848768052562,0.4325691400660735
10.0,1.0,10.0,0.8,10.0,179.3848768052562,224.0763621099824
10.0,1.0,10.0,3.0,0.5,179.3848768052562,0.0009865007844710694
10.0,1.0,10.0,3.0,1.0,179.3848768052562,0.0011654129740350262
10.0,1.0,10.0,3.0,2.0,179.3848768052562,0.0016264648269198152
10.0,1.0,10.0,3.0,5.0,179.3848768052562,0.00442118978364392
10.0,1.0,10.0,3.0,10.0,179.3848768052562,0.023407945320742474
10.0,1.0,10.0,9.6,0.5,179.3848768052562,0.0008796998654734247
10.0,1.0,10.0,9.6,1.0,179.3848768052562,0.0009267317234078641
10.0,1.0,10.0,9.6,2.0,179.3848768052562,0.0010284733398178124
10.0,1.0,10.0,9.6,5.0,179.3848768052562,0.0014057563823487171
10.0,1.0,10.0,9.6,10.0,179.3848768052562,0.0023664923593468097
10.0,1.0,50.0,0.8,0.5,179.3848768052562,0.007800439571701629
10.0,1.0,50.0,0.8,1.0,179.3848768052562,0.014573139696025906
10.0,1.0,50.0,0.8,2.0,179.3848768052562,0.050865255506131614
10.0,1.0,50.0,0.8,5.0,179.3848768052562,2.1628457003303674
10.0,1.0,50.0,0.8,10.0,179.3848768052562,1120.381810549912
10.0,1.0,50.0,3.0,0.5,179.3848768052562,0.004932503922355348
10.0,1.0,50.0,3.0,1.0,179.3848768052562,0.0058270648701751315
10.0,1.0,50.0,3.0,2.0,179.3848768052562,0.008132324134599076
10.0,1.0,50.0,3.0,5.0,179.3848768052562,0.0221059489182196
10.0,1.0,50.0,3.0,10.0,179.3848768052562,0.11703972660371238
10.0,1.0,50.0,9.6,0.5,179.3848768052562,0.004398499327367123
10.0,1.0,50.0,9.6,1.0,179.3848768052562,0.00463365861703932
10.0,1.0,50.0,9.6,2.0,179.3848768052562,0.005142366699089062
10.0,1.0,50.0,9.6,5.0,179.3848768052562,0.007028781911743585
10.0,1.0,50.0,9.6,10.0,179.3848768052562,0.01183246179673405
10.0,1.0,100.0,0.8,0.5,179.3848768052562,0.015600879143403258
10.0,1.0,100.0,0.8,1.0,179.3848768052562,0.029146279392051812
10.0,1.0,100.0,0.8,2.0,179.3848768052562,0.10173051101226323
10.0,1.0,100.0,0.8,5.0,179.3848768052562,4.325691400660735
10.0,1.0,100.0,0.8,10.0,179.3848768052562,2240.763621099824
10.0,1.0,100.0,3.0,0.5,179.3848768052562,0.009865007844710696
10.0,1.0,100.0,3.0,1.0,179.3848768052562,0.011654129740350263
10.0,1.0,100.0,3.0,2.0,179.3848768052562,0.016264648269198153
10.0,1.0,100.0,3.0,5.0,179.3848768052562,0.0442118978364392
10.0,1.0,100.0,3.0,10.0,179.3848768052562,0.23407945320742476
10.0,1.0,100.0,9.6,0.5,179.3848768052562,0.008796998654734246
10.0,1.0,100.0,9.6,1.0,179.3848768052562,0.00926731723407864
10.0,1.0,100.0,9.6,2.0,179.3848768052562,0.010284733398178123
10.0,1.0,100.0,9.6,5.0,179.3848768052562,0.01405756382348717
10.0,1.0,100.0,9.6,10.0,179.3848768052562,0.0236649235934681
10.0,10.0,1.0,0.8,0.5,93.18408595319652,0.00030032615060459093
10.0,10.0,1.0,0.8,1.0,93.18408595319652,0.0005610831167782079
10.0,10.0,1.0,0.8,2.0,93.18408595319652,0.0019583725051975573
10.0,10.0,1.0,0.8,5.0,93.18408595319652,0.08327211788017372
10.0,10.0,1.0,0.8,10.0,93.18408595319652,43.13602499922394
10.0,10.0,1.0,3.0,0.5,93.18408595319652,0.00018990723564055198
10.0,10.0,1.0,3.0,1.0,93.18408595319652,0.000224348890302496
10.0,10.0,1.0,3.0,2.0,93.18408595319652,0.0003131040988604395
10.0,10.0,1.0,3.0,5.0,93.18408595319652,0.0008511051823483773
10.0,10.0,1.0,3.0,10.0,93.18408595319652,0.0045061679198469635
10.0,10.0,1.0,9.6,0.5,93.18408595319652,0.00016934742706261154
10.0,10.0,1.0,9.6,1.0,93.18408595319652,0.00017840133788353142
10.0,10.0,1.0,9.6,2.0,93.18408595319652,0.00019798720079024394
10.0,10.0,1.0,9.6,5.0,93.18408595319652,0.00027061641790690006
10.0,10.0,1.0,9.6,10.0,93.18408595319652,0.00045556377572370806
10.0,10.0,5.0,0.8,0.5,93.18408595319652,0.0015016307530229544
10.0,10.0,5.0,0.8,1.0,93.18408595319652,0.0028054155838910387
10.0,10.0,5.0,0.8,2.0,93.18408595319652,0.009791862525987786
10.0,10.0,5.0,0.8,5.0,93.18408595319652,0.41636058940086856
10.0,10.0,5.0,0.8,10.0,93.18408595319652,215.6801249961197
10.0,10.0,5.0,3.0,0.5,93.18408595319652,0.0009495361782027598
10.0,10.0,5.0,3.0,1.0,93.18408595319652,0.00112174445151248
10.0,10.0,5.0,3.0,2.0,93.18408595319652,0.0015655204943021976
10.0,10.0,5.0,3.0,5.0,93.18408595319652,0.0042555259117418864
10.0,10.0,5.0,3.0,10.0,93.18408595319652,0.022530839599234815
10.0,10.0,5.0,9.6,0.5,93.18408595319652,0.0008467371353130577
10.0,10.0,5.0,9.6,1.0,93.18408595319652,0.0008920066894176571
10.0,10.0,5.0,9.6,2.0,93.18408595319652,0.0009899360039512196
10.0,10.0,5.0,9.6,5.0,93.18408595319652,0.0013530820895345
10.0,10.0,5.0,9.6,10.0,93.18408595319652,0.0022778188786185404
10.0,10.0,10.0,0.8,0.5,93.18408595319652,0.003003261506045909
10.0,10.0,10.0,0.8,1.0,93.18408595319652,0.0056108311677820774
10.0,10.0,10.0,0.8,2.0,93.18408595319652,0.019583725051975573
10.0,10.0,10.0,0.8,5.0,93.18408595319652,0.8327211788017371
10.0,10.0,10.0,0.8,10.0,93.18408595319652,431.3602499922394
10.0,10.0,10.0,3.0,0.5,93.18408595319652,0.0018990723564055196
10.0,10.0,10.0,3.0,1.0,93.18408595319652,0.00224348890302496
10.0,10.0,10.0,3.0,2.0,93.18408595319652,0.0031310409886043953
10.0,10.0,10.0,3.0,5.0,93.18408595319652,0.008511051823483773
10.0,10.0,10.0,3.0,10.0,93.18408595319652,0.04506167919846963
10.0,10.0,10.0,9.6,0.5,93.18408595319652,0.0016934742706261154
10.0,10.0,10.0,9.6,1.0,93.18408595319652,0.0017840133788353141
10.0,10.0,10.0,9.6,2.0,93.18408595319652,0.0019798720079024393
10.0,10.0,10.0,9.6,5.0,93.18408595319652,0.002706164179069
10.0,10.0,10.0,9.6,10.0,93.18408595319652,0.004555637757237081
10.0,10.0,50.0,0.8,0.5,93.18408595319652,0.015016307530229544
10.0,10.0,50.0,0.8,1.0,93.18408595319652,0.02805415583891039
10.0,10.0,50.0,0.8,2.0,93.18408595319652,0.09791862525987786
10.0,10.0,50.0,0.8,5.0,93.18408595319652,4.163605894008685
10.0,10.0,50.0,0.8,10.0,93.18408595319652,2156.801249961197
10.0,10.0,50.0,3.0,0.5,93.18408595319652,0.009495361782027598
10.0,10.0,50.0,3.0,1.0,93.18408595319652,0.0112174445151248
10.0,10.0,50.0,3.0,2.0,93.18408595319652,0.015655204943021975
10.0,10.0,50.0,3.0,5.0,93.18408595319652,0.042555259117418864
10.0,10.0,50.0,3.0,10.0,93.18408595319652,0.22530839599234817
10.0,10.0,50.0,9.6,0.5,93.18408595319652,0.008467371353130576
10.0,10.0,50.0,9.6,1.0,93.18408595319652,0.00892006689417657
10.0,10.0,50.0,9.6,2.0,93.18408595319652,0.009899360039512197
10.0,10.0,50.0,9.6,5.0,93.18408595319652,0.013530820895345002
10.0,10.0,50.0,9.6,10.0,93.18408595319652,0.022778188786185403
10.0,10.0,100.0,0.8,0.5,93.18408595319652,0.030032615060459088
10.0,10.0,100.0,0.8,1.0,93.18408595319652,0.05610831167782078
10.0,10.0,100.0,0.8,2.0,93.18408595319652,0.19583725051975573
10.0,10.0,100.0,0.8,5.0,93.18408595319652,8.32721178801737
10.0,10.0,100.0,0.8,10.0,93.18408595319652,4313.602499922394
10.0,10.0,100.0,3.0,0.5,93.18408595319652,0.018990723564055196
10.0,10.0,100.0,3.0,1.0,93.18408595319652,0.0224348890302496
10.0,10.0,100.0,3.0,2.0,93.18408595319652,0.03131040988604395
10.0,10.0,100.0,3.0,5.0,93.18408595319652,0.08511051823483773
10.0,10.0,100.0,3.0,10.0,93.18408595319652,0.45061679198469634
10.0,10.0,100.0,9.6,0.5,93.18408595319652,0.016934742706261153
10.0,10.0,100.0,9.6,1.0,93.18408595319652,0.01784013378835314
10.0,10.0,100.0,9.6,2.0,93.18408595319652,0.019798720079024393
10.0,10.0,100.0,9.6,5.0,93.18408595319652,0.027061641790690004
10.0,10.0,100.0,9.6,10.0,93.18408595319652,0.045556377572370806
10.0,100.0,1.0,0.8,0.5,16.051403480478456,0.0017434997423101755
10.0,100.0,1.0,0.8,1.0,16.051403480478456,0.0032572863453551072
10.0,100.0,1.0,0.8,2.0,16.051403480478456,0.011369046455946817
10.0,100.0,1.0,0.8,5.0,16.051403480478456,0.48342415661583776
10.0,100.0,1.0,0.8,10.0,16.051403480478456,250.4199128814811
10.0,100.0,1.0,3.0,0.5,16.051403480478456,0.001102478807575003
10.0,100.0,1.0,3.0,1.0,16.051403480478456,0.0013024248192924307
10.0,100.0,1.0,3.0,2.0,16.051403480478456,0.0018176802605450212
10.0,100.0,1.0,3.0,5.0,16.051403480478456,0.004940967222188233
10.0,100.0,1.0,3.0,10.0,16.051403480478456,0.026159901797574145
10.0,100.0,1.0,9.6,0.5,16.051403480478456,0.0009831218322153032
10.0,100.0,1.0,9.6,1.0,16.051403480478456,0.001035682993310982
10.0,100.0,1.0,9.6,2.0,16.051403480478456,0.0011493858688748715
10.0,100.0,1.0,9.6,5.0,16.051403480478456,0.0015710242146271848
10.0,100.0,1.0,9.6,10.0,16.051403480478456,0.002644709173613981
10.0,100.0,5.0,0.8,0.5,16.051403480478456,0.008717498711550876
10.0,100.0,5.0,0.8,1.0,16.051403480478456,0.016286431726775536
10.0,100.0,5.0,0.8,2.0,16.051403480478456,0.056845232279734086
10.0,100.0,5.0,0.8,5.0,16.051403480478456,2.4171207830791888
10.0,100.0,5.0,0.8,10.0,16.051403480478456,1252.0995644074055
10.0,100.0,5.0,3.0,0.5,16.051403480478456,0.005512394037875014
10.0,100.0,5.0,3.0,1.0,16.051403480478456,0.006512124096462153
10.0,100.0,5.0,3.0,2.0,16.051403480478456,0.009088401302725105
10.0,100.0,5.0,3.0,5.0,16.051403480478456,0.024704836110941167
10.0,100.0,5.0,3.0,10.0,16.051403480478456,0.1307995089878707
10.0,100.0,5.0,9.6,0.5,16.051403480478456,0.0049156091610765154
10.0,100.0,5.0,9.6,1.0,16.051403480478456,0.00517841496655491
10.0,100.0,5.0,9.6,2.0,16.051403480478456,0.005746929344374358
10.0,100.0,5.0,9.6,5.0,16.051403480478456,0.007855121073135922
10.0,100.0,5.0,9.6,10.0,16.051403480478456,0.013223545868069904
10.0,100.0,10.0,0.8,0.5,16.051403480478456,0.017434997423101752
10.0,100.0,10.0,0.8,1.0,16.051403480478456,0.03257286345355107
10.0,100.0,10.0,0.8,2.0,16.051403480478456,0.11369046455946817
10.0,100.0,10.0,0.8,5.0,16.051403480478456,4.8342415661583775
10.0,100.0,10.0,0.8,10.0,16.051403480478456,2504.199128814811
10.0,100.0,10.0,3.0,0.5,16.051403480478456,0.011024788075750028
10.0,100.0,10.0,3.0,1.0,16.051403480478456,0.013024248192924305
10.0,100.0,10.0,3.0,2.0,16.051403480478456,0.01817680260545021
10.0,100.0,10.0,3.0,5.0,16.051403480478456,0.049409672221882334
10.0,100.0,10.0,3.0,10.0,16.051403480478456,0.2615990179757414
10.0,100.0,10.0,9.6,0.5,16.051403480478456,0.009831218322153031
10.0,100.0,10.0,9.6,1.0,16.051403480478456,0.01035682993310982
10.0,100.0,10.0,9.6,2.0,16.051403480478456,0.011493858688748715
10.0,100.0,10.0,9.6,5.0,16.051403480478456,0.015710242146271845
10.0,100.0,10.0,9.6,10.0,16.051403480478456,0.026447091736139808
10.0,100.0,50.0,0.8,0.5,16.051403480478456,0.08717498711550876
10.0,100.0,50.0,0.8,1.0,16.051403480478456,0.16286431726775535
10.0,100.0,50.0,0.8,2.0,16.051403480478456,0.5684523227973408
10.0,100.0,50.0,0.8,5.0,16.051403480478456,24.171207830791886
10.0,100.0,50.0,0.8,10.0,16.051403480478456,12520.995644074055
10.0,100.0,50.0,3.0,0.5,16.051403480478456,0.055123940378750146
10.0,100.0,50.0,3.0,1.0,16.051403480478456,0.06512124096462153
10.0,100.0,50.0,3.0,2.0,16.051403480478456,0.09088401302725105
10.0,100.0,50.0,3.0,5.0,16.051403480478456,0.24704836110941167
10.0,100.0,50.0,3.0,10.0,16.051403480478456,1.3079950898787072
10.0,100.0,50.0,9.6,0.5,16.051403480478456,0.04915609161076516
10.0,100.0,50.0,9.6,1.0,16.051403480478456,0.051784149665549103
10.0,100.0,50.0,9.6,2.0,16.051403480478456,0.057469293443743574
10.0,100.0,50.0,9.6,5.0,16.051403480478456,0.07855121073135923
10.0,100.0,50.0,9.6,10.0,16.051403480478456,0.13223545868069905
10.0,100.0,100.0,0.8,0.5,16.051403480478456,0.17434997423101753
10.0,100.0,100.0,0.8,1.0,16.051403480478456,0.3257286345355107
10.0,100.0,100.0,0.8,2.0,16.051403480478456,1.1369046455946816
10.0,100.0,100.0,0.8,5.0,16.051403480478456,48.34241566158377
10.0,100.0,100.0,0.8,10.0,16.051403480478456,25041.99128814811
10.0,100.0,100.0,3.0,0.5,16.051403480478456,0.11024788075750029
10.0,100.0,100.0,3.0,1.0,16.051403480478456,0.13024248192924306
10.0,100.0,100.0,3.0,2.0,16.051403480478456,0.1817680260545021
10.0,100.0,100.0,3.0,5.0,16.051403480478456,0.49409672221882334
10.0,100.0,100.0,3.0,10.0,16.051403480478456,2.6159901797574143
10.0,100.0,100.0,9.6,0.5,16.051403480478456,0.09831218322153032
10.0,100.0,100.0,9.6,1.0,16.051403480478456,0.10356829933109821
10.0,100.0,100.0,9.6,2.0,16.051403480478456,0.11493858688748715
10.0,100.0,100.0,9.6,5.0,16.051403480478456,0.15710242146271847
10.0,100.0,100.0,9.6,10.0,16.051403480478456,0.2644709173613981
100.0,1.0,1.0,0.8,0.5,197.67057401878967,0.00014157705551697675
100.0,1.0,1.0,0.8,1.0,197.67057401878967,0.0002645007616347491
100.0,1.0,1.0,0.8,2.0,197.67057401878967,0.0009231983706151398
100.0,1.0,1.0,0.8,5.0,197.67057401878967,0.03925539361925071
100.0,1.0,1.0,0.8,10.0,197.67057401878967,20.334797332175672
100.0,1.0,1.0,3.0,0.5,197.67057401878967,8.952436272776245e-05
100.0,1.0,1.0,3.0,1.0,197.67057401878967,0.0001057605381136033
100.0,1.0,1.0,3.0,2.0,197.67057401878967,0.0001476007210751357
100.0,1.0,1.0,3.0,5.0,197.67057401878967,0.0004012203579659935
100.0,1.0,1.0,3.0,10.0,197.67057401878967,0.002124257193296976
100.0,1.0,1.0,9.6,0.5,197.67057401878967,7.983224249581555e-05
100.0,1.0,1.0,9.6,1.0,197.67057401878967,8.41003557865119e-05
100.0,1.0,1.0,9.6,2.0,197.67057401878967,9.333334730093495e-05
100.0,1.0,1.0,9.6,5.0,197.67057401878967,0.00012757156026766886
100.0,1.0,1.0,9.6,10.0,197.67057401878967,0.00021475778195577825
100.0,1.0,5.0,0.8,0.5,197.67057401878967,0.0007078852775848837
100.0,1.0,5.0,0.8,1.0,197.67057401878967,0.0013225038081737456
100.0,1.0,5.0,0.8,2.0,197.67057401878967,0.0046159918530756985
100.0,1.0,5.0,0.8,5.0,197.67057401878967,0.19627696809625353
100.0,1.0,5.0,0.8,10.0,197.67057401878967,101.67398666087836
100.0,1.0,5.0,3.0,0.5,197.67057401878967,0.0004476218136388122
100.0,1.0,5.0,3.0,1.0,197.67057401878967,0.0005288026905680165
100.0,1.0,5.0,3.0,2.0,197.67057401878967,0.0007380036053756785
100.0,1.0,5.0,3.0,5.0,197.67057401878967,0.002006101789829967
100.0,1.0,5.0,3.0,10.0,197.67057401878967,0.01062128596648488
100.0,1.0,5.0,9.6,0.5,197.67057401878967,0.0003991612124790777
100.0,1.0,5.0,9.6,1.0,197.67057401878967,0.0004205017789325595
100.0,1.0,5.0,9.6,2.0,197.67057401878967,0.00046666673650467476
100.0,1.0,5.0,9.6,5.0,197.67057401878967,0.0006378578013383442
100.0,1.0,5.0,9.6,10.0,197.67057401878967,0.0010737889097788911
100.0,1.0,10.0,0.8,0.5,197.67057401878967,0.0014157705551697674
100.0,1.0,10.0,0.8,1.0,197.67057401878967,0.0026450076163474913
100.0,1.0,10.0,0.8,2.0,197.67057401878967,0.009231983706151397
100.0,1.0,10.0,0.8,5.0,197.67057401878967,0.39255393619250706
100.0,1.0,10.0,0.8,10.0,197.67057401878967,203.3479733217567
100.0,1.0,10.0,3.0,0.5,197.67057401878967,0.0008952436272776244
100.0,1.0,10.0,3.0,1.0,197.67057401878967,0.001057605381136033
100.0,1.0,10.0,3.0,2.0,197.67057401878967,0.001476007210751357
100.0,1.0,10.0,3.0,5.0,197.67057401878967,0.004012203579659934
100.0,1.0,10.0,3.0,10.0,197.67057401878967,0.02124257193296976
100.0,1.0,10.0,9.6,0.5,197.67057401878967,0.0007983224249581554
100.0,1.0,10.0,9.6,1.0,197.67057401878967,0.000841003557865119
100.0,1.0,10.0,9.6,2.0,197.67057401878967,0.0009333334730093495
100.0,1.0,10.0,9.6,5.0,197.67057401878967,0.0012757156026766885
100.0,1.0,10.0,9.6,10.0,197.67057401878967,0.0021475778195577822
100.0,1.0,50.0,0.8,0.5,197.67057401878967,0.007078852775848837
100.0,1.0,50.0,0.8,1.0,197.67057401878967,0.013225038081737455
100.0,1.0,50.0,0.8,2.0,197.67057401878967,0.04615991853075698
100.0,1.0,50.0,0.8,5.0,197.67057401878967,1.9627696809625355
100.0,1.0,50.0,0.8,10.0,197.67057401878967,1016.7398666087835
100.0,1.0,50.0,3.0,0.5,197.67057401878967,0.004476218136388122
100.0,1.0,50.0,3.0,1.0,197.67057401878967,0.005288026905680165
100.0,1.0,50.0,3.0,2.0,197.67057401878967,0.007380036053756784
100.0,1.0,50.0,3.0,5.0,197.67057401878967,0.02006101789829967
100.0,1.0,50.0,3.0,10.0,197.67057401878967,0.1062128596648488
100.0,1.0,50.0,9.6,0.5,197.67057401878967,0.003991612124790778
100.0,1.0,50.0,9.6,1.0,197.67057401878967,0.004205017789325595
100.0,1.0,50.0,9.6,2.0,197.67057401878967,0.004666667365046747
100.0,1.0,50.0,9.6,5.0,197.67057401878967,0.006378578013383442
100.0,1.0,50.0,9.6,10.0,197.67057401878967,0.010737889097788913
100.0,1.0,100.0,0.8,0.5,197.67057401878967,0.014157705551697673
100.0,1.0,100.0,0.8,1.0,197.67057401878967,0.02645007616347491
100.0,1.0,100.0,0.8,2.0,197.67057401878967,0.09231983706151396
100.0,1.0,100.0,0.8,5.0,197.67057401878967,3.925539361925071
100.0,1.0,100.0,0.8,10.0,197.67057401878967,2033.479733217567
100.0,1.0,100.0,3.0,0.5,197.67057401878967,0.008952436272776244
100.0,1.0,100.0,3.0,1.0,197.67057401878967,0.01057605381136033
100.0,1.0,100.0,3.0,2.0,197.67057401878967,0.014760072107513568
100.0,1.0,100.0,3.0,5.0,197.67057401878967,0.04012203579659934
100.0,1.0,100.0,3.0,10.0,197.67057401878967,0.2124257193296976
100.0,1.0,100.0,9.6,0.5,197.67057401878967,0.007983224249581556
100.0,1.0,100.0,9.6,1.0,197.67057401878967,0.00841003557865119
100.0,1.0,100.0,9.6,2.0,197.67057401878967,0.009333334730093495
100.0,1.0,100.0,9.6,5.0,197.67057401878967,0.012757156026766884
100.0,1.0,100.0,9.6,10.0,197.67057401878967,0.021475778195577826
100.0,10.0,1.0,0.8,0.5,179.3848768052562,0.00015600879143403258
100.0,10.0,1.0,0.8,1.0,179.3848768052562,0.0002914627939205181
100.0,10.0,1.0,0.8,2.0,179.3848768052562,0.0010173051101226324
100.0,10.0,1.0,0.8,5.0,179.3848768052562,0.043256914006607354
100.0,10.0,1.0,0.8,10.0,179.3848768052562,22.40763621099824
100.0,10.0,1.0,3.0,0.5,179.3848768052562,9.865007844710696e-05
100.0,10.0,1.0,3.0,1.0,179.3848768052562,0.00011654129740350264
100.0,10.0,1.0,3.0,2.0,179.3848768052562,0.00016264648269198153
100.0,10.0,1.0,3.0,5.0,179.3848768052562,0.000442118978364392
100.0,10.0,1.0,3.0,10.0,179.3848768052562,0.0023407945320742477
100.0,10.0,1.0,9.6,0.5,179.3848768052562,8.796998654734247e-05
100.0,10.0,1.0,9.6,1.0,179.3848768052562,9.267317234078642e-05
100.0,10.0,1.0,9.6,2.0,179.3848768052562,0.00010284733398178125
100.0,10.0,1.0,9.6,5.0,179.3848768052562,0.0001405756382348717
100.0,10.0,1.0,9.6,10.0,179.3848768052562,0.000236649235934681
100.0,10.0,5.0,0.8,0.5,179.3848768052562,0.0007800439571701629
100.0,10.0,5.0,0.8,1.0,179.3848768052562,0.0014573139696025905
100.0,10.0,5.0,0.8,2.0,179.3848768052562,0.0050865255506131616
100.0,10.0,5.0,0.8,5.0,179.3848768052562,0.21628457003303675
100.0,10.0,5.0,0.8,10.0,179.3848768052562,112.0381810549912
100.0,10.0,5.0,3.0,0.5,179.3848768052562,0.0004932503922355347
100.0,10.0,5.0,3.0,1.0,179.3848768052562,0.0005827064870175131
100.0,10.0,5.0,3.0,2.0,179.3848768052562,0.0008132324134599076
100.0,10.0,5.0,3.0,5.0,179.3848768052562,0.00221059489182196
100.0,10.0,5.0,3.0,10.0,179.3848768052562,0.011703972660371237
100.0,10.0,5.0,9.6,0.5,179.3848768052562,0.0004398499327367123
100.0,10.0,5.0,9.6,1.0,179.3848768052562,0.00046336586170393204
100.0,10.0,5.0,9.6,2.0,179.3848768052562,0.0005142366699089062
100.0,10.0,5.0,9.6,5.0,179.3848768052562,0.0007028781911743586
100.0,10.0,5.0,9.6,10.0,179.3848768052562,0.0011832461796734048
100.0,10.0,10.0,0.8,0.5,179.3848768052562,0.0015600879143403258
100.0,10.0,10.0,0.8,1.0,179.3848768052562,0.002914627939205181
100.0,10.0,10.0,0.8,2.0,179.3848768052562,0.010173051101226323
100.0,10.0,10.0,0.8,5.0,179.3848768052562,0.4325691400660735
100.0,10.0,10.0,0.8,10.0,179.3848768052562,224.0763621099824
100.0,10.0,10.0,3.0,0.5,179.3848768052562,0.0009865007844710694
100.0,10.0,10.0,3.0,1.0,179.3848768052562,0.0011654129740350262
100.0,10.0,10.0,3.0,2.0,179.3848768052562,0.0016264648269198152
100.0,10.0,10.0,3.0,5.0,179.3848768052562,0.00442118978364392
100.0,10.0,10.0,3.0,10.0,179.3848768052562,0.023407945320742474
100.0,10.0,10.0,9.6,0.5,179.3848768052562,0.0008796998654734247
100.0,10.0,10.0,9.6,1.0,179.3848768052562,0.0009267317234078641
100.0,10.0,10.0,9.6,2.0,179.3848768052562,0.0010284733398178124
100.0,10.0,10.0,9.6,5.0,179.3848768052562,0.0014057563823487171
100.0,10.0,10.0,9.6,10.0,179.3848768052562,0.0023664923593468097
100.0,10.0,50.0,0.8,0.5,179.3848768052562,0.007800439571701629
100.0,10.0,50.0,0.8,1.0,179.3848768052562,0.014573139696025906
100.0,10.0,50.0,0.8,2.0,179.3848768052562,0.050865255506131614
100.0,10.0,50.0,0.8,5.0,179.3848768052562,2.1628457003303674
100.0,10.0,50.0,0.8,10.0,179.3848768052562,1120.381810549912
100.0,10.0,50.0,3.0,0.5,179.3848768052562,0.004932503922355348
100.0,10.0,50.0,3.0,1.0,179.3848768052562,0.0058270648701751315
100.0,10.0,50.0,3.0,2.0,179.3848768052562,0.008132324134599076
100.0,10.0,50.0,3.0,5.0,179.3848768052562,0.0221059489182196
100.0,10.0,50.0,3.0,10.0,179.3848768052562,0.11703972660371238
100.0,10.0,50.0,9.6,0.5,179.3848768052562,0.004398499327367123
100.0,10.0,50.0,9.6,1.0,179.3848768052562,0.00463365861703932
100.0,10.0,50.0,9.6,2.0,179.3848768052562,0.005142366699089062
100.0,10.0,50.0,9.6,5.0,179.3848768052562,0.007028781911743585
100.0,10.0,50.0,9.6,10.0,179.3848768052562,0.01183246179673405
100.0,10.0,100.0,0.8,0.5,179.3848768052562,0.015600879143403258
100.0,10.0,100.0,0.8,1.0,179.3848768052562,0.029146279392051812
100.0,10.0,100.0,0.8,2.0,179.3848768052562,0.10173051101226323
100.0,10.0,100.0,0.8,5.0,179.3848768052562,4.325691400660735
100.0,10.0,100.0,0.8,10.0,179.3848768052562,2240.763621099824
100.0,10.0,100.0,3.0,0.5,179.3848768052562,0.009865007844710696
100.0,10.0,100.0,3.0,1.0,179.3848768052562,0.011654129740350263
100.0,10.0,100.0,3.0,2.0,179.3848768052562,0.016264648269198153
100.0,10.0,100.0,3.0,5.0,179.3848768052562,0.0442118978364392
100.0,10.0,100.0,3.0,10.0,179.3848768052562,0.23407945320742476
100.0,10.0,100.0,9.6,0.5,179.3848768052562,0.008796998654734246
100.0,10.0,100.0,9.6,1.0,179.3848768052562,0.00926731723407864
100.0,10.0,100.0,9.6,2.0,179.3848768052562,0.010284733398178123
100.0,10.0,100.0,9.6,5.0,179.3848768052562,0.01405756382348717
100.0,10.0,100.0,9.6,10.0,179.3848768052562,0.0236649235934681
100.0,100.0,1.0,0.8,0.5,93.18408595319649,0.000300326150604591
100.0,100.0,1.0,0.8,1.0,93.18408595319649,0.000561083116778208
100.0,100.0,1.0,0.8,2.0,93.18408595319649,0.001958372505197558
100.0,100.0,1.0,0.8,5.0,93.18408595319649,0.08327211788017375
100.0,100.0,1.0,0.8,10.0,93.18408595319649,43.136024999223956
100.0,100.0,1.0,3.0,0.5,93.18408595319649,0.00018990723564055206
100.0,100.0,1.0,3.0,1.0,93.18408595319649,0.0002243488903024961
100.0,100.0,1.0,3.0,2.0,93.18408595319649,0.0003131040988604396
100.0,100.0,1.0,3.0,5.0,93.18408595319649,0.0008511051823483776
100.0,100.0,1.0,3.0,10.0,93.18408595319649,0.004506167919846965
100.0,100.0,1.0,9.6,0.5,93.18408595319649,0.00016934742706261162
100.0,100.0,1.0,9.6,1.0,93.18408595319649,0.0001784013378835315
100.0,100.0,1.0,9.6,2.0,93.18408595319649,0.00019798720079024397
100.0,100.0,1.0,9.6,5.0,93.18408595319649,0.0002706164179069001
100.0,100.0,1.0,9.6,10.0,93.18408595319649,0.0004555637757237083
100.0,100.0,5.0,0.8,0.5,93.18408595319649,0.0015016307530229549
100.0,100.0,5.0,0.8,1.0,93.18408595319649,0.0028054155838910396
100.0,100.0,5.0,0.8,2.0,93.18408595319649,0.00979186252598779
100.0,100.0,5.0,0.8,5.0,93.18408595319649,0.41636058940086873
100.0,100.0,5.0,0.8,10.0,93.18408595319649,215.6801249961198
100.0,100.0,5.0,3.0,0.5,93.18408595319649,0.0009495361782027602
100.0,100.0,5.0,3.0,1.0,93.18408595319649,0.0011217444515124804
100.0,100.0,5.0,3.0,2.0,93.18408595319649,0.001565520494302198
100.0,100.0,5.0,3.0,5.0,93.18408595319649,0.004255525911741887
100.0,100.0,5.0,3.0,10.0,93.18408595319649,0.022530839599234822
100.0,100.0,5.0,9.6,0.5,93.18408595319649,0.000846737135313058
100.0,100.0,5.0,9.6,1.0,93.18408595319649,0.0008920066894176574
100.0,100.0,5.0,9.6,2.0,93.18408595319649,0.0009899360039512198
100.0,100.0,5.0,9.6,5.0,93.18408595319649,0.0013530820895345005
100.0,100.0,5.0,9.6,10.0,93.18408595319649,0.0022778188786185412
100.0,100.0,10.0,0.8,0.5,93.18408595319649,0.0030032615060459097
100.0,100.0,10.0,0.8,1.0,93.18408595319649,0.005610831167782079
100.0,100.0,10.0,0.8,2.0,93.18408595319649,0.01958372505197558
100.0,100.0,10.0,0.8,5.0,93.18408595319649,0.8327211788017375
100.0,100.0,10.0,0.8,10.0,93.18408595319649,431.3602499922396
100.0,100.0,10.0,3.0,0.5,93.18408595319649,0.0018990723564055205
100.0,100.0,10.0,3.0,1.0,93.18408595319649,0.002243488903024961
100.0,100.0,10.0,3.0,2.0,93.18408595319649,0.003131040988604396
100.0,100.0,10.0,3.0,5.0,93.18408595319649,0.008511051823483775
100.0,100.0,10.0,3.0,10.0,93.18408595319649,0.045061679198469644
100.0,100.0,10.0,9.6,0.5,93.18408595319649,0.001693474270626116
100.0,100.0,10.0,9.6,1.0,93.18408595319649,0.0017840133788353148
100.0,100.0,10.0,9.6,2.0,93.18408595319649,0.0019798720079024397
100.0,100.0,10.0,9.6,5.0,93.18408595319649,0.002706164179069001
100.0,100.0,10.0,9.6,10.0,93.18408595319649,0.0045556377572370825
100.0,100.0,50.0,0.8,0.5,93.18408595319649,0.015016307530229549
100.0,100.0,50.0,0.8,1.0,93.18408595319649,0.028054155838910397
100.0,100.0,50.0,0.8,2.0,93.18408595319649,0.09791862525987789
100.0,100.0,50.0,0.8,5.0,93.18408595319649,4.163605894008687
100.0,100.0,50.0,0.8,10.0,93.18408595319649,2156.8012499611978
100.0,100.0,50.0,3.0,0.5,93.18408595319649,0.009495361782027603
100.0,100.0,50.0,3.0,1.0,93.18408595319649,0.011217444515124804
100.0,100.0,50.0,3.0,2.0,93.18408595319649,0.015655204943021982
100.0,100.0,50.0,3.0,5.0,93.18408595319649,0.04255525911741888
100.0,100.0,50.0,3.0,10.0,93.18408595319649,0.22530839599234823
100.0,100.0,50.0,9.6,0.5,93.18408595319649,0.00846737135313058
100.0,100.0,50.0,9.6,1.0,93.18408595319649,0.008920066894176574
100.0,100.0,50.0,9.6,2.0,93.18408595319649,0.009899360039512198
100.0,100.0,50.0,9.6,5.0,93.18408595319649,0.013530820895345005
100.0,100.0,50.0,9.6,10.0,93.18408595319649,0.022778188786185413
100.0,100.0,100.0,0.8,0.5,93.18408595319649,0.030032615060459098
100.0,100.0,100.0,0.8,1.0,93.18408595319649,0.056108311677820794
100.0,100.0,100.0,0.8,2.0,93.18408595319649,0.19583725051975578
100.0,100.0,100.0,0.8,5.0,93.18408595319649,8.327211788017374
100.0,100.0,100.0,0.8,10.0,93.18408595319649,4313.6024999223955
100.0,100.0,100.0,3.0,0.5,93.18408595319649,0.018990723564055206
100.0,100.0,100.0,3.0,1.0,93.18408595319649,0.022434889030249608
100.0,100.0,100.0,3.0,2.0,93.18408595319649,0.031310409886043965
100.0,100.0,100.0,3.0,5.0,93.18408595319649,0.08511051823483776
100.0,100.0,100.0,3.0,10.0,93.18408595319649,0.45061679198469645
100.0,100.0,100.0,9.6,0.5,93.18408595319649,0.01693474270626116
100.0,100.0,100.0,9.6,1.0,93.18408595319649,0.017840133788353148
100.0,100.0,100.0,9.6,2.0,93.18408595319649,0.019798720079024397
100.0,100.0,100.0,9.6,5.0,93.18408595319649,0.02706164179069001
100.0,100.0,100.0,9.6,10.0,93.18408595319649,0.045556377572370826
1000.0,1.0,1.0,0.8,0.5,199.7062912083936,0.00014013388192527112
1000.0,1.0,1.0,0.8,1.0,199.7062912083936,0.0002618045584061722
1000.0,1.0,1.0,0.8,2.0,199.7062912083936,0.0009137876966643902
1000.0,1.0,1.0,0.8,5.0,199.7062912083936,0.038855241580515044
1000.0,1.0,1.0,0.8,10.0,199.7062912083936,20.12751344429341
1000.0,1.0,1.0,3.0,0.5,199.7062912083936,8.861179115582798e-05
1000.0,1.0,1.0,3.0,1.0,199.7062912083936,0.00010468246218461335
1000.0,1.0,1.0,3.0,2.0,199.7062912083936,0.0001460961449134511
1000.0,1.0,1.0,3.0,5.0,199.7062912083936,0.00039713049592615354
1000.0,1.0,1.0,3.0,10.0,199.7062912083936,0.0021026034594192485
1000.0,1.0,1.0,9.6,0.5,199.7062912083936,7.901846809066285e-05
1000.0,1.0,1.0,9.6,1.0,199.7062912083936,8.324307413108444e-05
1000.0,1.0,1.0,9.6,2.0,199.7062912083936,9.238194863285033e-05
1000.0,1.0,1.0,9.6,5.0,199.7062912083936,0.00012627115247094856
1000.0,1.0,1.0,9.6,10.0,199.7062912083936,0.00021256863655788795
1000.0,1.0,5.0,0.8,0.5,199.7062912083936,0.0007006694096263556
1000.0,1.0,5.0,0.8,1.0,199.7062912083936,0.0013090227920308608
1000.0,1.0,5.0,0.8,2.0,199.7062912083936,0.004568938483321951
1000.0,1.0,5.0,0.8,5.0,199.7062912083936,0.1942762079025752
1000.0,1.0,5.0,0.8,10.0,199.7062912083936,100.63756722146705
1000.0,1.0,5.0,3.0,0.5,199.7062912083936,0.0004430589557791399
1000.0,1.0,5.0,3.0,1.0,199.7062912083936,0.0005234123109230667
1000.0,1.0,5.0,3.0,2.0,199.7062912083936,0.0007304807245672555
1000.0,1.0,5.0,3.0,5.0,199.7062912083936,0.0019856524796307675
1000.0,1.0,5.0,3.0,10.0,199.7062912083936,0.010513017297096241
1000.0,1.0,5.0,9.6,0.5,199.7062912083936,0.00039509234045331424
1000.0,1.0,5.0,9.6,1.0,199.7062912083936,0.0004162153706554222
1000.0,1.0,5.0,9.6,2.0,199.7062912083936,0.00046190974316425164
1000.0,1.0,5.0,9.6,5.0,199.7062912083936,0.0006313557623547428
1000.0,1.0,5.0,9.6,10.0,199.7062912083936,0.0010628431827894398
1000.0,1.0,10.0,0.8,0.5,199.7062912083936,0.0014013388192527113
1000.0,1.0,10.0,0.8,1.0,199.7062912083936,0.0026180455840617216
1000.0,1.0,10.0,0.8,2.0,199.7062912083936,0.009137876966643902
1000.0,1.0,10.0,0.8,5.0,199.7062912083936,0.3885524158051504
1000.0,1.0,10.0,0.8,10.0,199.7062912083936,201.2751344429341
1000.0,1.0,10.0,3.0,0.5,199.7062912083936,0.0008861179115582798
1000.0,1.0,10.0,3.0,1.0,199.7062912083936,0.0010468246218461334
1000.0,1.0,10.0,3.0,2.0,199.7062912083936,0.001460961449134511
1000.0,1.0,10.0,3.0,5.0,199.7062912083936,0.003971304959261535
1000.0,1.0,10.0,3.0,10.0,199.7062912083936,0.021026034594192482
1000.0,1.0,10.0,9.6,0.5,199.7062912083936,0.0007901846809066285
1000.0,1.0,10.0,9.6,1.0,199.7062912083936,0.0008324307413108444
1000.0,1.0,10.0,9.6,2.0,199.7062912083936,0.0009238194863285033
1000.0,1.0,10.0,9.6,5.0,199.7062912083936,0.0012627115247094856
1000.0,1.0,10.0,9.6,10.0,199.7062912083936,0.0021256863655788796
1000.0,1.0,50.0,0.8,0.5,199.7062912083936,0.007006694096263556
1000.0,1.0,50.0,0.8,1.0,199.7062912083936,0.013090227920308608
1000.0,1.0,50.0,0.8,2.0,199.7062912083936,0.045689384833219514
1000.0,1.0,50.0,0.8,5.0,199.7062912083936,1.942762079025752
1000.0,1.0,50.0,0.8,10.0,199.7062912083936,1006.3756722146704
1000.0,1.0,50.0,3.0,0.5,199.7062912083936,0.0044305895577913985
1000.0,1.0,50.0,3.0,1.0,199.7062912083936,0.005234123109230666
1000.0,1.0,50.0,3.0,2.0,199.7062912083936,0.007304807245672555
1000.0,1.0,50.0,3.0,5.0,199.7062912083936,0.019856524796307676
1000.0,1.0,50.0,3.0,10.0,199.7062912083936,0.10513017297096242
1000.0,1.0,50.0,9.6,0.5,199.7062912083936,0.0039509234045331425
1000.0,1.0,50.0,9.6,1.0,199.7062912083936,0.004162153706554222
1000.0,1.0,50.0,9.6,2.0,199.7062912083936,0.004619097431642516
1000.0,1.0,50.0,9.6,5.0,199.7062912083936,0.006313557623547427
1000.0,1.0,50.0,9.6,10.0,199.7062912083936,0.010628431827894396
1000.0,1.0,100.0,0.8,0.5,199.7062912083936,0.014013388192527112
1000.0,1.0,100.0,0.8,1.0,199.7062912083936,0.026180455840617217
1000.0,1.0,100.0,0.8,2.0,199.7062912083936,0.09137876966643903
1000.0,1.0,100.0,0.8,5.0,199.7062912083936,3.885524158051504
1000.0,1.0,100.0,0.8,10.0,199.7062912083936,2012.7513444293409
1000.0,1.0,100.0,3.0,0.5,199.7062912083936,0.008861179115582797
1000.0,1.0,100.0,3.0,1.0,199.7062912083936,0.010468246218461333
1000.0,1.0,100.0,3.0,2.0,199.7062912083936,0.01460961449134511
1000.0,1.0,100.0,3.0,5.0,199.7062912083936,0.03971304959261535
1000.0,1.0,100.0,3.0,10.0,199.7062912083936,0.21026034594192483
1000.0,1.0,100.0,9.6,0.5,199.7062912083936,0.007901846809066285
1000.0,1.0,100.0,9.6,1.0,199.7062912083936,0.008324307413108445
1000.0,1.0,100.0,9.6,2.0,199.7062912083936,0.009238194863285032
1000.0,1.0,100.0,9.6,5.0,199.7062912083936,0.012627115247094855
1000.0,1.0,100.0,9.6,10.0,199.7062912083936,0.021256863655788792
1000.0,10.0,1.0,0.8,0.5,197.67057401878967,0.00014157705551697675
1000.0,10.0,1.0,0.8,1.0,197.67057401878967,0.0002645007616347491
1000.0,10.0,1.0,0.8,2.0,197.67057401878967,0.0009231983706151398
1000.0,10.0,1.0,0.8,5.0,197.67057401878967,0.03925539361925071
1000.0,10.0,1.0,0.8,10.0,197.67057401878967,20.334797332175672
1000.0,10.0,1.0,3.0,0.5,197.67057401878967,8.952436272776245e-05
1000.0,10.0,1.0,3.0,1.0,197.67057401878967,0.0001057605381136033
1000.0,10.0,1.0,3.0,2.0,197.67057401878967,0.0001476007210751357
1000.0,10.0,1.0,3.0,5.0,197.67057401878967,0.0004012203579659935
1000.0,10.0,1.0,3.0,10.0,197.67057401878967,0.002124257193296976
1000.0,10.0,1.0,9.6,0.5,197.67057401878967,7.983224249581555e-05
1000.0,10.0,1.0,9.6,1.0,197.67057401878967,8.41003557865119e-05
1000.0,10.0,1.0,9.6,2.0,197.67057401878967,9.333334730093495e-05
1000.0,10.0,1.0,9.6,5.0,197.67057401878967,0.00012757156026766886
1000.0,10.0,1.0,9.6,10.0,197.67057401878967,0.00021475778195577825
1000.0,10.0,5.0,0.8,0.5,197.67057401878967,0.0007078852775848837
1000.0,10.0,5.0,0.8,1.0,197.67057401878967,0.0013225038081737456
1000.0,10.0,5.0,0.8,2.0,197.67057401878967,0.0046159918530756985
1000.0,10.0,5.0,0.8,5.0,197.67057401878967,0.19627696809625353
1000.0,10.0,5.0,0.8,10.0,197.67057401878967,101.67398666087836
1000.0,10.0,5.0,3.0,0.5,197.67057401878967,0.0004476218136388122
1000.0,10.0,5.0,3.0,1.0,197.67057401878967,0.0005288026905680165
1000.0,10.0,5.0,3.0,2.0,197.67057401878967,0.0007380036053756785
1000.0,10.0,5.0,3.0,5.0,197.67057401878967,0.002006101789829967
1000.0,10.0,5.0,3.0,10.0,197.67057401878967,0.01062128596648488
1000.0,10.0,5.0,9.6,0.5,197.67057401878967,0.0003991612124790777
1000.0,10.0,5.0,9.6,1.0,197.67057401878967,0.0004205017789325595
1000.0,10.0,5.0,9.6,2.0,197.67057401878967,0.00046666673650467476
1000.0,10.0,5.0,9.6,5.0,197.67057401878967,0.0006378578013383442
1000.0,10.0,5.0,9.6,10.0,197.67057401878967,0.0010737889097788911
1000.0,10.0,10.0,0.8,0.5,197.67057401878967,0.0014157705551697674
1000.0,10.0,10.0,0.8,1.0,197.67057401878967,0.0026450076163474913
1000.0,10.0,10.0,0.8,2.0,197.67057401878967,0.009231983706151397
1000.0,10.0,10.0,0.8,5.0,197.67057401878967,0.39255393619250706
1000.0,10.0,10.0,0.8,10.0,197.67057401878967,203.3479733217567
1000.0,10.0,10.0,3.0,0.5,197.67057401878967,0.0008952436272776244
1000.0,10.0,10.0,3.0,1.0,197.67057401878967,0.001057605381136033
1000.0,10.0,10.0,3.0,2.0,197.67057401878967,0.001476007210751357
1000.0,10.0,10.0,3.0,5.0,197.67057401878967,0.004012203579659934
1000.0,10.0,10.0,3.0,10.0,197.67057401878967,0.02124257193296976
1000.0,10.0,10.0,9.6,0.5,197.67057401878967,0.0007983224249581554
1000.0,10.0,10.0,9.6,1.0,197.67057401878967,0.000841003557865119
1000.0,10.0,10.0,9.6,2.0,197.67057401878967,0.0009333334730093495
1000.0,10.0,10.0,9.6,5.0,197.67057401878967,0.0012757156026766885
1000.0,10.0,10.0,9.6,10.0,197.67057401878967,0.0021475778195577822
1000.0,10.0,50.0,0.8,0.5,197.67057401878967,0.007078852775848837
1000.0,10.0,50.0,0.8,1.0,197.67057401878967,0.013225038081737455
1000.0,10.0,50.0,0.8,2.0,197.67057401878967,0.04615991853075698
1000.0,10.0,50.0,0.8,5.0,197.67057401878967,1.9627696809625355
1000.0,10.0,50.0,0.8,10.0,197.67057401878967,1016.7398666087835
1000.0,10.0,50.0,3.0,0.5,197.67057401878967,0.004476218136388122
1000.0,10.0,50.0,3.0,1.0,197.67057401878967,0.005288026905680165
1000.0,10.0,50.0,3.0,2.0,197.67057401878967,0.007380036053756784
1000.0,10.0,50.0,3.0,5.0,197.67057401878967,0.02006101789829967
1000.0,10.0,50.0,3.0,10.0,197.67057401878967,0.1062128596648488
1000.0,10.0,50.0,9.6,0.5,197.67057401878967,0.003991612124790778
1000.0,10.0,50.0,9.6,1.0,197.67057401878967,0.004205017789325595
1000.0,10.0,50.0,9.6,2.0,197.67057401878967,0.004666667365046747
1000.0,10.0,50.0,9.6,5.0,197.67057401878967,0.006378578013383442
1000.0,10.0,50.0,9.6,10.0,197.67057401878967,0.010737889097788913
1000.0,10.0,100.0,0.8,0.5,197.67057401878967,0.014157705551697673
1000.0,10.0,100.0,0.8,1.0,197.67057401878967,0.02645007616347491
1000.0,10.0,100.0,0.8,2.0,197.67057401878967,0.09231983706151396
1000.0,10.0,100.0,0.8,5.0,197.67057401878967,3.925539361925071
1000.0,10.0,100.0,0.8,10.0,197.67057401878967,2033.479733217567
1000.0,10.0,100.0,3.0,0.5,197.67057401878967,0.008952436272776244
1000.0,10.0,100.0,3.0,1.0,197.67057401878967,0.01057605381136033
1000.0,10.0,100.0,3.0,2.0,197.67057401878967,0.014760072107513568
1000.0,10.0,100.0,3.0,5.0,197.67057401878967,0.04012203579659934
1000.0,10.0,100.0,3.0,10.0,197.67057401878967,0.2124257193296976
1000.0,10.0,100.0,9.6,0.5,197.67057401878967,0.007983224249581556
1000.0,10.0,100.0,9.6,1.0,197.67057401878967,0.00841003557865119
1000.0,10.0,100.0,9.6,2.0,197.67057401878967,0.009333334730093495
1000.0,10.0,100.0,9.6,5.0,197.67057401878967,0.012757156026766884
1000.0,10.0,100.0,9.6,10.0,197.67057401878967,0.021475778195577826
1000.0,100.0,1.0,0.8,0.5,179.3848768052562,0.00015600879143403258
1000.0,100.0,1.0,0.8,1.0,179.3848768052562,0.0002914627939205181
1000.0,100.0,1.0,0.8,2.0,179.3848768052562,0.0010173051101226324
1000.0,100.0,1.0,0.8,5.0,179.3848768052562,0.043256914006607354
1000.0,100.0,1.0,0.8,10.0,179.3848768052562,22.40763621099824
1000.0,100.0,1.0,3.0,0.5,179.3848768052562,9.865007844710696e-05
1000.0,100.0,1.0,3.0,1.0,179.3848768052562,0.00011654129740350264
1000.0,100.0,1.0,3.0,2.0,179.3848768052562,0.00016264648269198153
1000.0,100.0,1.0,3.0,5.0,179.3848768052562,0.000442118978364392
1000.0,100.0,1.0,3.0,10.0,179.3848768052562,0.0023407945320742477
1000.0,100.0,1.0,9.6,0.5,179.3848768052562,8.796998654734247e-05
1000.0,100.0,1.0,9.6,1.0,179.3848768052562,9.267317234078642e-05
1000.0,100.0,1.0,9.6,2.0,179.3848768052562,0.00010284733398178125
1000.0,100.0,1.0,9.6,5.0,179.3848768052562,0.0001405756382348717
1000.0,100.0,1.0,9.6,10.0,179.3848768052562,0.000236649235934681
1000.0,100.0,5.0,0.8,0.5,179.3848768052562,0.0007800439571701629
1000.0,100.0,5.0,0.8,1.0,179.3848768052562,0.0014573139696025905
1000.0,100.0,5.0,0.8,2.0,179.3848768052562,0.0050865255506131616
1000.0,100.0,5.0,0.8,5.0,179.3848768052562,0.21628457003303675
1000.0,100.0,5.0,0.8,10.0,179.3848768052562,112.0381810549912
1000.0,100.0,5.0,3.0,0.5,179.3848768052562,0.0004932503922355347
1000.0,100.0,5.0,3.0,1.0,179.3848768052562,0.0005827064870175131
1000.0,100.0,5.0,3.0,2.0,179.3848768052562,0.0008132324134599076
1000.0,100.0,5.0,3.0,5.0,179.3848768052562,0.00221059489182196
1000.0,100.0,5.0,3.0,10.0,179.3848768052562,0.011703972660371237
1000.0,100.0,5.0,9.6,0.5,179.3848768052562,0.0004398499327367123
1000.0,100.0,5.0,9.6,1.0,179.3848768052562,0.00046336586170393204
1000.0,100.0,5.0,9.6,2.0,179.3848768052562,0.0005142366699089062
1000.0,100.0,5.0,9.6,5.0,179.3848768052562,0.0007028781911743586
1000.0,100.0,5.0,9.6,10.0,179.3848768052562,0.0011832461796734048
1000.0,100.0,10.0,0.8,0.5,179.3848768052562,0.0015600879143403258
1000.0,100.0,10.0,0.8,1.0,179.3848768052562,0.002914627939205181
1000.0,100.0,10.0,0.8,2.0,179.3848768052562,0.010173051101226323
1000.0,100.0,10.0,0.8,5.0,179.3848768052562,0.4325691400660735
1000.0,100.0,10.0,0.8,10.0,179.3848768052562,224.0763621099824
1000.0,100.0,10.0,3.0,0.5,179.3848768052562,0.0009865007844710694
1000.0,100.0,10.0,3.0,1.0,179.3848768052562,0.0011654129740350262
1000.0,100.0,10.0,3.0,2.0,179.3848768052562,0.0016264648269198152
1000.0,100.0,10.0,3.0,5.0,179.3848768052562,0.00442118978364392
1000.0,100.0,10.0,3.0,10.0,179.3848768052562,0.023407945320742474
1000.0,100.0,10.0,9.6,0.5,179.3848768052562,0.0008796998654734247
1000.0,100.0,10.0,9.6,1.0,179.3848768052562,0.0009267317234078641
1000.0,100.0,10.0,9.6,2.0,179.3848768052562,0.0010284733398178124
1000.0,100.0,10.0,9.6,5.0,179.3848768052562,0.0014057563823487171
1000.0,100.0,10.0,9.6,10.0,179.3848768052562,0.0023664923593468097
1000.0,100.0,50.0,0.8,0.5,179.3848768052562,0.007800439571701629
1000.0,100.0,50.0,0.8,1.0,179.3848768052562,0.014573139696025906
1000.0,100.0,50.0,0.8,2.0,179.3848768052562,0.050865255506131614
1000.0,100.0,50.0,0.8,5.0,179.3848768052562,2.1628457003303674
1000.0,100.0,50.0,0.8,10.0,179.3848768052562,1120.381810549912
1000.0,100.0,50.0,3.0,0.5,179.3848768052562,0.004932503922355348
1000.0,100.0,50.0,3.0,1.0,179.3848768052562,0.0058270648701751315
1000.0,100.0,50.0,3.0,2.0,179.3848768052562,0.008132324134599076
1000.0,100.0,50.0,3.0,5.0,179.3848768052562,0.0221059489182196
1000.0,100.0,50.0,3.0,10.0,179.3848768052562,0.11703972660371238
1000.0,100.0,50.0,9.6,0.5,179.3848768052562,0.004398499327367123
1000.0,100.0,50.0,9.6,1.0,179.3848768052562,0.00463365861703932
1000.0,100.0,50.0,9.6,2.0,179.3848768052562,0.005142366699089062
1000.0,100.0,50.0,9.6,5.0,179.3848768052562,0.007028781911743585
1000.0,100.0,50.0,9.6,10.0,179.3848768052562,0.01183246179673405
1000.0,100.0,100.0,0.8,0.5,179.3848768052562,0.015600879143403258
1000.0,100.0,100.0,0.8,1.0,179.3848768052562,0.029146279392051812
1000.0,100.0,100.0,0.8,2.0,179.3848768052562,0.10173051101226323
1000.0,100.0,100.0,0.8,5.0,179.3848768052562,4.325691400660735
1000.0,100.0,100.0,0.8,10.0,179.3848768052562,2240.763621099824
1000.0,100.0,100.0,3.0,0.5,179.3848768052562,0.009865007844710696
1000.0,100.0,100.0,3.0,1.0,179.3848768052562,0.011654129740350263
1000.0,100.0,100.0,3.0,2.0,179.3848768052562,0.016264648269198153
1000.0,100.0,100.0,3.0,5.0,179.3848768052562,0.0442118978364392
1000.0,100.0,100.0,3.0,10.0,179.3848768052562,0.23407945320742476
1000.0,100.0,100.0,9.6,0.5,179.3848768052562,0.008796998654734246
1000.0,100.0,100.0,9.6,1.0,179.3848768052562,0.00926731723407864
1000.0,100.0,100.0,9.6,2.0,179.3848768052562,0.010284733398178123
1000.0,100.0,100.0,9.6,5.0,179.3848768052562,0.01405756382348717
1000.0,100.0,100.0,9.6,10.0,179.3848768052562,0.0236649235934681
