concentration_pM,Kd_pM,alpha0,lambda_D_nm,effective_charge_distance_nm,maximum_allowed_noise_floor_pA
0.5,1.0,0.01,0.8,0.5,21.70709963179633
0.5,1.0,0.01,0.8,1.0,11.618973157919347
0.5,1.0,0.01,0.8,2.0,3.328891544333685
0.5,1.0,0.01,0.8,5.0,0.07828802532185726
0.5,1.0,0.01,0.8,10.0,0.000151131442299679
0.5,1.0,0.01,3.0,0.5,34.32839012804649
0.5,1.0,0.01,3.0,1.0,29.05835488830672
0.5,1.0,0.01,3.0,2.0,20.82122111123669
0.5,1.0,0.01,3.0,5.0,7.659699186908791
0.5,1.0,0.01,3.0,10.0,1.44673030148178
0.5,1.0,0.01,9.6,0.5,38.49606566976316
0.5,1.0,0.01,9.6,1.0,36.542381074876026
0.5,1.0,0.01,9.6,2.0,32.927429890351604
0.5,1.0,0.01,9.6,5.0,24.090222328826044
0.5,1.0,0.01,9.6,10.0,14.310202041089228
0.5,1.0,0.03,0.8,0.5,65.12129889538897
0.5,1.0,0.03,0.8,1.0,34.85691947375804
0.5,1.0,0.03,0.8,2.0,9.986674633001053
0.5,1.0,0.03,0.8,5.0,0.23486407596557177
0.5,1.0,0.03,0.8,10.0,0.00045339432689903684
0.5,1.0,0.03,3.0,0.5,102.98517038413948
0.5,1.0,0.03,3.0,1.0,87.17506466492014
0.5,1.0,0.03,3.0,2.0,62.463663333710066
0.5,1.0,0.03,3.0,5.0,22.97909756072637
0.5,1.0,0.03,3.0,10.0,4.340190904445339
0.5,1.0,0.03,9.6,0.5,115.48819700928951
0.5,1.0,0.03,9.6,1.0,109.6271432246281
0.5,1.0,0.03,9.6,2.0,98.78228967105483
0.5,1.0,0.03,9.6,5.0,72.27066698647813
0.5,1.0,0.03,9.6,10.0,42.93060612326768
0.5,1.0,0.1,0.8,0.5,217.07099631796325
0.5,1.0,0.1,0.8,1.0,116.18973157919349
0.5,1.0,0.1,0.8,2.0,33.28891544333685
0.5,1.0,0.1,0.8,5.0,0.7828802532185727
0.5,1.0,0.1,0.8,10.0,0.0015113144229967899
0.5,1.0,0.1,3.0,0.5,343.283901280465
0.5,1.0,0.1,3.0,1.0,290.5835488830672
0.5,1.0,0.1,3.0,2.0,208.2122111123669
0.5,1.0,0.1,3.0,5.0,76.5969918690879
0.5,1.0,0.1,3.0,10.0,14.4673030148178
0.5,1.0,0.1,9.6,0.5,384.9606566976317
0.5,1.0,0.1,9.6,1.0,365.42381074876033
0.5,1.0,0.1,9.6,2.0,329.27429890351607
0.5,1.0,0.1,9.6,5.0,240.90222328826042
0.5,1.0,0.1,9.6,10.0,143.1020204108923
0.5,10.0,0.01,0.8,0.5,2.9877270548548056
0.5,10.0,0.01,0.8,1.0,1.5992150514064183
0.5,10.0,0.01,0.8,2.0,0.4581827834389544
0.5,10.0,0.01,0.8,5.0,0.01077542625651619
0.5,10.0,0.01,0.8,10.0,2.0801466186508338e-05
0.5,10.0,0.01,3.0,0.5,4.72489930367946
0.5,10.0,0.01,3.0,1.0,3.99954091251305
0.5,10.0,0.01,3.0,2.0,2.8657962917364648
0.5,10.0,0.01,3.0,5.0,1.0542675383152023
0.5,10.0,0.01,3.0,10.0,0.19912541685135618
0.5,10.0,0.01,9.6,0.5,5.298530842809828
0.5,10.0,0.01,9.6,1.0,5.029629127711637
0.5,10.0,0.01,9.6,2.0,4.532073597991646
0.5,10.0,0.01,9.6,5.0,3.315735875827128
0.5,10.0,0.01,9.6,10.0,1.9696310665093975
0.5,10.0,0.03,0.8,0.5,8.963181164564416
0.5,10.0,0.03,0.8,1.0,4.797645154219255
0.5,10.0,0.03,0.8,2.0,1.3745483503168632
0.5,10.0,0.03,0.8,5.0,0.032326278769548564
0.5,10.0,0.03,0.8,10.0,6.240439855952499e-05
0.5,10.0,0.03,3.0,0.5,14.174697911038379
0.5,10.0,0.03,3.0,1.0,11.998622737539149
0.5,10.0,0.03,3.0,2.0,8.597388875209393
0.5,10.0,0.03,3.0,5.0,3.162802614945607
0.5,10.0,0.03,3.0,10.0,0.5973762505540684
0.5,10.0,0.03,9.6,0.5,15.895592528429484
0.5,10.0,0.03,9.6,1.0,15.088887383134908
0.5,10.0,0.03,9.6,2.0,13.596220793974938
0.5,10.0,0.03,9.6,5.0,9.947207627481381
0.5,10.0,0.03,9.6,10.0,5.908893199528192
0.5,10.0,0.1,0.8,0.5,29.877270548548054
0.5,10.0,0.1,0.8,1.0,15.992150514064186
0.5,10.0,0.1,0.8,2.0,4.581827834389545
0.5,10.0,0.1,0.8,5.0,0.10775426256516189
0.5,10.0,0.1,0.8,10.0,0.00020801466186508337
0.5,10.0,0.1,3.0,0.5,47.2489930367946
0.5,10.0,0.1,3.0,1.0,39.9954091251305
0.5,10.0,0.1,3.0,2.0,28.65796291736465
0.5,10.0,0.1,3.0,5.0,10.542675383152023
0.5,10.0,0.1,3.0,10.0,1.9912541685135614
0.5,10.0,0.1,9.6,0.5,52.98530842809828
0.5,10.0,0.1,9.6,1.0,50.296291277116374
0.5,10.0,0.1,9.6,2.0,45.320735979916456
0.5,10.0,0.1,9.6,5.0,33.15735875827127
0.5,10.0,0.1,9.6,10.0,19.696310665093975
0.5,100.0,0.01,0.8,0.5,0.3104577912882222
0.5,100.0,0.01,0.8,1.0,0.16617608085978428
0.5,100.0,0.01,0.8,2.0,0.047610244289755035
0.5,100.0,0.01,0.8,5.0,0.0011196856253489677
0.5,100.0,0.01,0.8,10.0,2.1615017467296233e-06
0.5,100.0,0.01,3.0,0.5,0.4909691464272227
0.5,100.0,0.01,3.0,1.0,0.41559640993578795
0.5,100.0,0.01,3.0,2.0,0.2977878402810519
0.5,100.0,0.01,3.0,5.0,0.10955002427024409
0.5,100.0,0.01,3.0,10.0,0.020691326874911885
0.5,100.0,0.01,9.6,0.5,0.5505757896653656
0.5,100.0,0.01,9.6,1.0,0.5226339358714097
0.5,100.0,0.01,9.6,2.0,0.4709324290188647
0.5,100.0,0.01,9.6,5.0,0.34454152524800646
0.5,100.0,0.01,9.6,10.0,0.20466638997948539
0.5,100.0,0.03,0.8,0.5,0.9313733738646663
0.5,100.0,0.03,0.8,1.0,0.49852824257935285
0.5,100.0,0.03,0.8,2.0,0.14283073286926506
0.5,100.0,0.03,0.8,5.0,0.003359056876046903
0.5,100.0,0.03,0.8,10.0,6.48450524018887e-06
0.5,100.0,0.03,3.0,0.5,1.4729074392816681
0.5,100.0,0.03,3.0,1.0,1.2467892298073637
0.5,100.0,0.03,3.0,2.0,0.8933635208431555
0.5,100.0,0.03,3.0,5.0,0.3286500728107323
0.5,100.0,0.03,3.0,10.0,0.06207398062473564
0.5,100.0,0.03,9.6,0.5,1.6517273689960967
0.5,100.0,0.03,9.6,1.0,1.5679018076142293
0.5,100.0,0.03,9.6,2.0,1.4127972870565941
0.5,100.0,0.03,9.6,5.0,1.0336245757440192
0.5,100.0,0.03,9.6,10.0,0.613999169938456
0.5,100.0,0.1,0.8,0.5,3.1045779128822217
0.5,100.0,0.1,0.8,1.0,1.661760808597843
0.5,100.0,0.1,0.8,2.0,0.4761024428975503
0.5,100.0,0.1,0.8,5.0,0.011196856253489677
0.5,100.0,0.1,0.8,10.0,2.1615017467296234e-05
0.5,100.0,0.1,3.0,0.5,4.909691464272229
0.5,100.0,0.1,3.0,1.0,4.15596409935788
0.5,100.0,0.1,3.0,2.0,2.977878402810519
0.5,100.0,0.1,3.0,5.0,1.095500242702441
0.5,100.0,0.1,3.0,10.0,0.20691326874911883
0.5,100.0,0.1,9.6,0.5,5.505757896653656
0.5,100.0,0.1,9.6,1.0,5.226339358714099
0.5,100.0,0.1,9.6,2.0,4.709324290188648
0.5,100.0,0.1,9.6,5.0,3.4454152524800636
0.5,100.0,0.1,9.6,10.0,2.046663899794854
1.0,1.0,0.01,0.8,0.5,33.29713373234017
1.0,1.0,0.01,0.8,1.0,17.82267136716025
1.0,1.0,0.01,0.8,2.0,5.106280839554175
1.0,1.0,0.01,0.8,5.0,0.1200882150540439
1.0,1.0,0.01,0.8,10.0,0.00023182479146328174
1.0,1.0,0.01,3.0,0.5,52.657287997849416
1.0,1.0,0.01,3.0,1.0,44.5734319724814
1.0,1.0,0.01,3.0,2.0,31.938259628013736
1.0,1.0,0.01,3.0,5.0,11.749429103942129
1.0,1.0,0.01,3.0,10.0,2.219180505004264
1.0,1.0,0.01,9.6,0.5,59.05020332138127
1.0,1.0,0.01,9.6,1.0,56.0533912953526
1.0,1.0,0.01,9.6,2.0,50.50831548749671
1.0,1.0,0.01,9.6,5.0,36.95267300242031
1.0,1.0,0.01,9.6,10.0,21.950823425576385
1.0,1.0,0.03,0.8,0.5,99.8914011970205
1.0,1.0,0.03,0.8,1.0,53.46801410148076
1.0,1.0,0.03,0.8,2.0,15.318842518662525
1.0,1.0,0.03,0.8,5.0,0.36026464516213175
1.0,1.0,0.03,0.8,10.0,0.0006954743743898452
1.0,1.0,0.03,3.0,0.5,157.97186399354823
1.0,1.0,0.03,3.0,1.0,133.7202959174442
1.0,1.0,0.03,3.0,2.0,95.81477888404119
1.0,1.0,0.03,3.0,5.0,35.24828731182639
1.0,1.0,0.03,3.0,10.0,6.65754151501279
1.0,1.0,0.03,9.6,0.5,177.1506099641438
1.0,1.0,0.03,9.6,1.0,168.16017388605778
1.0,1.0,0.03,9.6,2.0,151.5249464624901
1.0,1.0,0.03,9.6,5.0,110.85801900726094
1.0,1.0,0.03,9.6,10.0,65.85247027672915
1.0,1.0,0.1,0.8,0.5,332.97133732340166
1.0,1.0,0.1,0.8,1.0,178.22671367160257
1.0,1.0,0.1,0.8,2.0,51.062808395541765
1.0,1.0,0.1,0.8,5.0,1.2008821505404392
1.0,1.0,0.1,0.8,10.0,0.0023182479146328172
1.0,1.0,0.1,3.0,0.5,526.5728799784943
1.0,1.0,0.1,3.0,1.0,445.734319724814
1.0,1.0,0.1,3.0,2.0,319.38259628013736
1.0,1.0,0.1,3.0,5.0,117.49429103942128
1.0,1.0,0.1,3.0,10.0,22.191805050042635
1.0,1.0,0.1,9.6,0.5,590.5020332138128
1.0,1.0,0.1,9.6,1.0,560.533912953526
1.0,1.0,0.1,9.6,2.0,505.0831548749672
1.0,1.0,0.1,9.6,5.0,369.52673002420306
1.0,1.0,0.1,9.6,10.0,219.50823425576385
1.0,10.0,0.01,0.8,0.5,5.735590179525797
1.0,10.0,0.01,0.8,1.0,3.070040192892469
1.0,10.0,0.01,0.8,2.0,0.8795812418172759
1.0,10.0,0.01,0.8,5.0,0.020685768104771587
1.0,10.0,0.01,0.8,10.0,3.9932926598903525e-05
1.0,10.0,0.01,3.0,0.5,9.070469138536877
1.0,10.0,0.01,3.0,1.0,7.677986361955778
1.0,10.0,0.01,3.0,2.0,5.501517630499854
1.0,10.0,0.01,3.0,5.0,2.0238952315031233
1.0,10.0,0.01,3.0,10.0,0.38226443193021925
1.0,10.0,0.01,9.6,0.5,10.171679310047104
1.0,10.0,0.01,9.6,1.0,9.655464137757955
1.0,10.0,0.01,9.6,2.0,8.700298368718379
1.0,10.0,0.01,9.6,5.0,6.365274263053338
1.0,10.0,0.01,9.6,10.0,3.781134084522063
1.0,10.0,0.03,0.8,0.5,17.20677053857739
1.0,10.0,0.03,0.8,1.0,9.210120578677408
1.0,10.0,0.03,0.8,2.0,2.6387437254518273
1.0,10.0,0.03,0.8,5.0,0.062057304314314755
1.0,10.0,0.03,0.8,10.0,0.00011979877979671056
1.0,10.0,0.03,3.0,0.5,27.211407415610626
1.0,10.0,0.03,3.0,1.0,23.033959085867334
1.0,10.0,0.03,3.0,2.0,16.504552891499557
1.0,10.0,0.03,3.0,5.0,6.0716856945093705
1.0,10.0,0.03,3.0,10.0,1.1467932957906575
1.0,10.0,0.03,9.6,0.5,30.515037930141315
1.0,10.0,0.03,9.6,1.0,28.966392413273862
1.0,10.0,0.03,9.6,2.0,26.100895106155132
1.0,10.0,0.03,9.6,5.0,19.095822789160014
1.0,10.0,0.03,9.6,10.0,11.343402253566188
1.0,10.0,0.1,0.8,0.5,57.35590179525798
1.0,10.0,0.1,0.8,1.0,30.700401928924702
1.0,10.0,0.1,0.8,2.0,8.79581241817276
1.0,10.0,0.1,0.8,5.0,0.20685768104771585
1.0,10.0,0.1,0.8,10.0,0.00039932926598903524
1.0,10.0,0.1,3.0,0.5,90.70469138536879
1.0,10.0,0.1,3.0,1.0,76.77986361955777
1.0,10.0,0.1,3.0,2.0,55.01517630499853
1.0,10.0,0.1,3.0,5.0,20.238952315031234
1.0,10.0,0.1,3.0,10.0,3.8226443193021917
1.0,10.0,0.1,9.6,0.5,101.71679310047105
1.0,10.0,0.1,9.6,1.0,96.55464137757956
1.0,10.0,0.1,9.6,2.0,87.00298368718379
1.0,10.0,0.1,9.6,5.0,63.652742630533375
1.0,10.0,0.1,9.6,10.0,37.81134084522063
1.0,100.0,0.01,0.8,0.5,0.6182290144384793
1.0,100.0,0.01,0.8,1.0,0.3309141454202278
1.0,100.0,0.01,0.8,2.0,0.09480849001178579
1.0,100.0,0.01,0.8,5.0,0.002229681973089156
1.0,100.0,0.01,0.8,10.0,4.304298787422321e-06
1.0,100.0,0.01,3.0,0.5,0.9776896571218969
1.0,100.0,0.01,3.0,1.0,0.8275964273682562
1.0,100.0,0.01,3.0,2.0,0.5929987527283624
1.0,100.0,0.01,3.0,5.0,0.21815204976907224
1.0,100.0,0.01,3.0,10.0,0.04120359991038331
1.0,100.0,0.01,9.6,0.5,1.0963871333559263
1.0,100.0,0.01,9.6,1.0,1.040745222547561
1.0,100.0,0.01,9.6,2.0,0.9377896114359716
1.0,100.0,0.01,9.6,5.0,0.6861015363903551
1.0,100.0,0.01,9.6,10.0,0.40756168508662227
1.0,100.0,0.03,0.8,0.5,1.8546870433154374
1.0,100.0,0.03,0.8,1.0,0.9927424362606834
1.0,100.0,0.03,0.8,2.0,0.28442547003535734
1.0,100.0,0.03,0.8,5.0,0.006689045919267467
1.0,100.0,0.03,0.8,10.0,1.2912896362266961e-05
1.0,100.0,0.03,3.0,0.5,2.93306897136569
1.0,100.0,0.03,3.0,1.0,2.482789282104769
1.0,100.0,0.03,3.0,2.0,1.778996258185087
1.0,100.0,0.03,3.0,5.0,0.6544561493072167
1.0,100.0,0.03,3.0,10.0,0.12361079973114994
1.0,100.0,0.03,9.6,0.5,3.289161400067779
1.0,100.0,0.03,9.6,1.0,3.122235667642683
1.0,100.0,0.03,9.6,2.0,2.8133688343079144
1.0,100.0,0.03,9.6,5.0,2.0583046091710653
1.0,100.0,0.03,9.6,10.0,1.2226850552598667
1.0,100.0,0.1,0.8,0.5,6.182290144384792
1.0,100.0,0.1,0.8,1.0,3.309141454202278
1.0,100.0,0.1,0.8,2.0,0.9480849001178578
1.0,100.0,0.1,0.8,5.0,0.02229681973089156
1.0,100.0,0.1,0.8,10.0,4.3042987874223205e-05
1.0,100.0,0.1,3.0,0.5,9.77689657121897
1.0,100.0,0.1,3.0,1.0,8.275964273682561
1.0,100.0,0.1,3.0,2.0,5.9299875272836235
1.0,100.0,0.1,3.0,5.0,2.1815204976907228
1.0,100.0,0.1,3.0,10.0,0.4120359991038331
1.0,100.0,0.1,9.6,0.5,10.963871333559265
1.0,100.0,0.1,9.6,1.0,10.407452225475613
1.0,100.0,0.1,9.6,2.0,9.377896114359716
1.0,100.0,0.1,9.6,5.0,6.861015363903551
1.0,100.0,0.1,9.6,10.0,4.075616850866222
10.0,1.0,0.01,0.8,0.5,64.09895178393485
10.0,1.0,0.01,0.8,1.0,34.30969649843883
10.0,1.0,0.01,0.8,2.0,9.829892625619996
10.0,1.0,0.01,0.8,5.0,0.23117691656118913
10.0,1.0,0.01,0.8,10.0,0.0004462764347759156
10.0,1.0,0.01,3.0,0.5,101.36839379566925
10.0,1.0,0.01,3.0,1.0,85.8064928295491
10.0,1.0,0.01,3.0,2.0,61.48303876289728
10.0,1.0,0.01,3.0,5.0,22.618345941616774
10.0,1.0,0.01,3.0,10.0,4.272053724911388
10.0,1.0,0.01,9.6,0.5,113.67513390056433
10.0,1.0,0.01,9.6,1.0,107.9060935048934
10.0,1.0,0.01,9.6,2.0,97.2314946128933
10.0,1.0,0.01,9.6,5.0,71.13608108463394
10.0,1.0,0.01,9.6,10.0,42.25663336922906
10.0,1.0,0.03,0.8,0.5,192.29685535180448
10.0,1.0,0.03,0.8,1.0,102.9290894953165
10.0,1.0,0.03,0.8,2.0,29.489677876859982
10.0,1.0,0.03,0.8,5.0,0.6935307496835673
10.0,1.0,0.03,0.8,10.0,0.0013388293043277465
10.0,1.0,0.03,3.0,0.5,304.1051813870077
10.0,1.0,0.03,3.0,1.0,257.4194784886473
10.0,1.0,0.03,3.0,2.0,184.4491162886918
10.0,1.0,0.03,3.0,5.0,67.85503782485033
10.0,1.0,0.03,3.0,10.0,12.816161174734164
10.0,1.0,0.03,9.6,0.5,341.02540170169306
10.0,1.0,0.03,9.6,1.0,323.71828051468026
10.0,1.0,0.03,9.6,2.0,291.6944838386799
10.0,1.0,0.03,9.6,5.0,213.40824325390182
10.0,1.0,0.03,9.6,10.0,126.76990010768716
10.0,1.0,0.1,0.8,0.5,640.9895178393483
10.0,1.0,0.1,0.8,1.0,343.09696498438836
10.0,1.0,0.1,0.8,2.0,98.29892625619995
10.0,1.0,0.1,0.8,5.0,2.3117691656118913
10.0,1.0,0.1,0.8,10.0,0.004462764347759155
10.0,1.0,0.1,3.0,0.5,1013.6839379566926
10.0,1.0,0.1,3.0,1.0,858.0649282954911
10.0,1.0,0.1,3.0,2.0,614.8303876289729
10.0,1.0,0.1,3.0,5.0,226.18345941616778
10.0,1.0,0.1,3.0,10.0,42.72053724911389
10.0,1.0,0.1,9.6,0.5,1136.7513390056438
10.0,1.0,0.1,9.6,1.0,1079.0609350489342
10.0,1.0,0.1,9.6,2.0,972.3149461289329
10.0,1.0,0.1,9.6,5.0,711.3608108463394
10.0,1.0,0.1,9.6,10.0,422.5663336922905
10.0,10.0,0.01,0.8,0.5,33.297133732340185
10.0,10.0,0.01,0.8,1.0,17.822671367160257
10.0,10.0,0.01,0.8,2.0,5.106280839554177
10.0,10.0,0.01,0.8,5.0,0.12008821505404396
10.0,10.0,0.01,0.8,10.0,0.00023182479146328182
10.0,10.0,0.01,3.0,0.5,52.65728799784943
10.0,10.0,0.01,3.0,1.0,44.57343197248141
10.0,10.0,0.01,3.0,2.0,31.93825962801375
10.0,10.0,0.01,3.0,5.0,11.749429103942132
10.0,10.0,0.01,3.0,10.0,2.219180505004265
10.0,10.0,0.01,9.6,0.5,59.050203321381275
10.0,10.0,0.01,9.6,1.0,56.05339129535261
10.0,10.0,0.01,9.6,2.0,50.50831548749673
10.0,10.0,0.01,9.6,5.0,36.95267300242032
10.0,10.0,0.01,9.6,10.0,21.95082342557639
10.0,10.0,0.03,0.8,0.5,99.89140119702053
10.0,10.0,0.03,0.8,1.0,53.468014101480776
10.0,10.0,0.03,0.8,2.0,15.318842518662532
10.0,10.0,0.03,0.8,5.0,0.3602646451621318
10.0,10.0,0.03,0.8,10.0,0.0006954743743898454
10.0,10.0,0.03,3.0,0.5,157.97186399354828
10.0,10.0,0.03,3.0,1.0,133.72029591744425
10.0,10.0,0.03,3.0,2.0,95.81477888404122
10.0,10.0,0.03,3.0,5.0,35.2482873118264
10.0,10.0,0.03,3.0,10.0,6.657541515012793
10.0,10.0,0.03,9.6,0.5,177.15060996414388
10.0,10.0,0.03,9.6,1.0,168.16017388605783
10.0,10.0,0.03,9.6,2.0,151.52494646249016
10.0,10.0,0.03,9.6,5.0,110.85801900726098
10.0,10.0,0.03,9.6,10.0,65.85247027672916
10.0,10.0,0.1,0.8,0.5,332.9713373234018
10.0,10.0,0.1,0.8,1.0,178.2267136716026
10.0,10.0,0.1,0.8,2.0,51.06280839554178
10.0,10.0,0.1,0.8,5.0,1.2008821505404397
10.0,10.0,0.1,0.8,10.0,0.002318247914632818
10.0,10.0,0.1,3.0,0.5,526.5728799784944
10.0,10.0,0.1,3.0,1.0,445.7343197248141
10.0,10.0,0.1,3.0,2.0,319.3825962801375
10.0,10.0,0.1,3.0,5.0,117.49429103942134
10.0,10.0,0.1,3.0,10.0,22.191805050042646
10.0,10.0,0.1,9.6,0.5,590.5020332138129
10.0,10.0,0.1,9.6,1.0,560.5339129535262
10.0,10.0,0.1,9.6,2.0,505.08315487496725
10.0,10.0,0.1,9.6,5.0,369.52673002420323
10.0,10.0,0.1,9.6,10.0,219.5082342557639
10.0,100.0,0.01,0.8,0.5,5.735590179525797
10.0,100.0,0.01,0.8,1.0,3.070040192892469
10.0,100.0,0.01,0.8,2.0,0.8795812418172759
10.0,100.0,0.01,0.8,5.0,0.020685768104771587
10.0,100.0,0.01,0.8,10.0,3.9932926598903525e-05
10.0,100.0,0.01,3.0,0.5,9.070469138536877
10.0,100.0,0.01,3.0,1.0,7.677986361955778
10.0,100.0,0.01,3.0,2.0,5.501517630499854
10.0,100.0,0.01,3.0,5.0,2.0238952315031233
10.0,100.0,0.01,3.0,10.0,0.38226443193021925
10.0,100.0,0.01,9.6,0.5,10.171679310047104
10.0,100.0,0.01,9.6,1.0,9.655464137757955
10.0,100.0,0.01,9.6,2.0,8.700298368718379
10.0,100.0,0.01,9.6,5.0,6.365274263053338
10.0,100.0,0.01,9.6,10.0,3.781134084522063
10.0,100.0,0.03,0.8,0.5,17.20677053857739
10.0,100.0,0.03,0.8,1.0,9.210120578677408
10.0,100.0,0.03,0.8,2.0,2.6387437254518273
10.0,100.0,0.03,0.8,5.0,0.062057304314314755
10.0,100.0,0.03,0.8,10.0,0.00011979877979671056
10.0,100.0,0.03,3.0,0.5,27.211407415610626
10.0,100.0,0.03,3.0,1.0,23.033959085867334
10.0,100.0,0.03,3.0,2.0,16.504552891499557
10.0,100.0,0.03,3.0,5.0,6.0716856945093705
10.0,100.0,0.03,3.0,10.0,1.1467932957906575
10.0,100.0,0.03,9.6,0.5,30.515037930141315
10.0,100.0,0.03,9.6,1.0,28.966392413273862
10.0,100.0,0.03,9.6,2.0,26.100895106155132
10.0,100.0,0.03,9.6,5.0,19.095822789160014
10.0,100.0,0.03,9.6,10.0,11.343402253566188
10.0,100.0,0.1,0.8,0.5,57.35590179525798
10.0,100.0,0.1,0.8,1.0,30.700401928924702
10.0,100.0,0.1,0.8,2.0,8.79581241817276
10.0,100.0,0.1,0.8,5.0,0.20685768104771585
10.0,100.0,0.1,0.8,10.0,0.00039932926598903524
10.0,100.0,0.1,3.0,0.5,90.70469138536879
10.0,100.0,0.1,3.0,1.0,76.77986361955777
10.0,100.0,0.1,3.0,2.0,55.01517630499853
10.0,100.0,0.1,3.0,5.0,20.238952315031234
10.0,100.0,0.1,3.0,10.0,3.8226443193021917
10.0,100.0,0.1,9.6,0.5,101.71679310047105
10.0,100.0,0.1,9.6,1.0,96.55464137757956
10.0,100.0,0.1,9.6,2.0,87.00298368718379
10.0,100.0,0.1,9.6,5.0,63.652742630533375
10.0,100.0,0.1,9.6,10.0,37.81134084522063
100.0,1.0,0.01,0.8,0.5,70.63291409391465
100.0,1.0,0.01,0.8,1.0,37.80707449836786
100.0,1.0,0.01,0.8,2.0,10.831908199032961
100.0,1.0,0.01,0.8,5.0,0.25474206416047845
100.0,1.0,0.01,0.8,10.0,0.0004917678714297801
100.0,1.0,0.01,3.0,0.5,111.7014374110579
100.0,1.0,0.01,3.0,1.0,94.55322541247324
100.0,1.0,0.01,3.0,2.0,67.75034652377838
100.0,1.0,0.01,3.0,5.0,24.923959618339154
100.0,1.0,0.01,3.0,10.0,4.707527898012856
100.0,1.0,0.01,9.6,0.5,125.26267191509938
100.0,1.0,0.01,9.6,1.0,118.90556117723119
100.0,1.0,0.01,9.6,2.0,107.14284110862297
100.0,1.0,0.01,9.6,5.0,78.38737708481531
100.0,1.0,0.01,9.6,10.0,46.56408680016609
100.0,1.0,0.03,0.8,0.5,211.89874228174392
100.0,1.0,0.03,0.8,1.0,113.42122349510359
100.0,1.0,0.03,0.8,2.0,32.49572459709888
100.0,1.0,0.03,0.8,5.0,0.7642261924814353
100.0,1.0,0.03,0.8,10.0,0.0014753036142893402
100.0,1.0,0.03,3.0,0.5,335.10431223317363
100.0,1.0,0.03,3.0,1.0,283.6596762374197
100.0,1.0,0.03,3.0,2.0,203.2510395713351
100.0,1.0,0.03,3.0,5.0,74.77187885501746
100.0,1.0,0.03,3.0,10.0,14.122583694038564
100.0,1.0,0.03,9.6,0.5,375.7880157452982
100.0,1.0,0.03,9.6,1.0,356.7166835316936
100.0,1.0,0.03,9.6,2.0,321.4285233258689
100.0,1.0,0.03,9.6,5.0,235.16213125444594
100.0,1.0,0.03,9.6,10.0,139.69226040049824
100.0,1.0,0.1,0.8,0.5,706.3291409391464
100.0,1.0,0.1,0.8,1.0,378.07074498367865
100.0,1.0,0.1,0.8,2.0,108.31908199032961
100.0,1.0,0.1,0.8,5.0,2.5474206416047847
100.0,1.0,0.1,0.8,10.0,0.0049176787142978014
100.0,1.0,0.1,3.0,0.5,1117.014374110579
100.0,1.0,0.1,3.0,1.0,945.5322541247326
100.0,1.0,0.1,3.0,2.0,677.5034652377836
100.0,1.0,0.1,3.0,5.0,249.23959618339154
100.0,1.0,0.1,3.0,10.0,47.07527898012856
100.0,1.0,0.1,9.6,0.5,1252.6267191509944
100.0,1.0,0.1,9.6,1.0,1189.0556117723122
100.0,1.0,0.1,9.6,2.0,1071.4284110862297
100.0,1.0,0.1,9.6,5.0,783.8737708481531
100.0,1.0,0.1,9.6,10.0,465.6408680016609
100.0,10.0,0.01,0.8,0.5,64.09895178393485
100.0,10.0,0.01,0.8,1.0,34.30969649843883
100.0,10.0,0.01,0.8,2.0,9.829892625619996
100.0,10.0,0.01,0.8,5.0,0.23117691656118913
100.0,10.0,0.01,0.8,10.0,0.0004462764347759156
100.0,10.0,0.01,3.0,0.5,101.36839379566925
100.0,10.0,0.01,3.0,1.0,85.8064928295491
100.0,10.0,0.01,3.0,2.0,61.48303876289728
100.0,10.0,0.01,3.0,5.0,22.618345941616774
100.0,10.0,0.01,3.0,10.0,4.272053724911388
100.0,10.0,0.01,9.6,0.5,113.67513390056433
100.0,10.0,0.01,9.6,1.0,107.9060935048934
100.0,10.0,0.01,9.6,2.0,97.2314946128933
100.0,10.0,0.01,9.6,5.0,71.13608108463394
100.0,10.0,0.01,9.6,10.0,42.25663336922906
100.0,10.0,0.03,0.8,0.5,192.29685535180448
100.0,10.0,0.03,0.8,1.0,102.9290894953165
100.0,10.0,0.03,0.8,2.0,29.489677876859982
100.0,10.0,0.03,0.8,5.0,0.6935307496835673
100.0,10.0,0.03,0.8,10.0,0.0013388293043277465
100.0,10.0,0.03,3.0,0.5,304.1051813870077
100.0,10.0,0.03,3.0,1.0,257.4194784886473
100.0,10.0,0.03,3.0,2.0,184.4491162886918
100.0,10.0,0.03,3.0,5.0,67.85503782485033
100.0,10.0,0.03,3.0,10.0,12.816161174734164
100.0,10.0,0.03,9.6,0.5,341.02540170169306
100.0,10.0,0.03,9.6,1.0,323.71828051468026
100.0,10.0,0.03,9.6,2.0,291.6944838386799
100.0,10.0,0.03,9.6,5.0,213.40824325390182
100.0,10.0,0.03,9.6,10.0,126.76990010768716
100.0,10.0,0.1,0.8,0.5,640.9895178393483
100.0,10.0,0.1,0.8,1.0,343.09696498438836
100.0,10.0,0.1,0.8,2.0,98.29892625619995
100.0,10.0,0.1,0.8,5.0,2.3117691656118913
100.0,10.0,0.1,0.8,10.0,0.004462764347759155
100.0,10.0,0.1,3.0,0.5,1013.6839379566926
100.0,10.0,0.1,3.0,1.0,858.0649282954911
100.0,10.0,0.1,3.0,2.0,614.8303876289729
100.0,10.0,0.1,3.0,5.0,226.18345941616778
100.0,10.0,0.1,3.0,10.0,42.72053724911389
100.0,10.0,0.1,9.6,0.5,1136.7513390056438
100.0,10.0,0.1,9.6,1.0,1079.0609350489342
100.0,10.0,0.1,9.6,2.0,972.3149461289329
100.0,10.0,0.1,9.6,5.0,711.3608108463394
100.0,10.0,0.1,9.6,10.0,422.5663336922905
100.0,100.0,0.01,0.8,0.5,33.29713373234017
100.0,100.0,0.01,0.8,1.0,17.82267136716025
100.0,100.0,0.01,0.8,2.0,5.106280839554175
100.0,100.0,0.01,0.8,5.0,0.1200882150540439
100.0,100.0,0.01,0.8,10.0,0.00023182479146328174
100.0,100.0,0.01,3.0,0.5,52.657287997849416
100.0,100.0,0.01,3.0,1.0,44.5734319724814
100.0,100.0,0.01,3.0,2.0,31.938259628013736
100.0,100.0,0.01,3.0,5.0,11.749429103942129
100.0,100.0,0.01,3.0,10.0,2.219180505004264
100.0,100.0,0.01,9.6,0.5,59.05020332138127
100.0,100.0,0.01,9.6,1.0,56.0533912953526
100.0,100.0,0.01,9.6,2.0,50.50831548749671
100.0,100.0,0.01,9.6,5.0,36.95267300242031
100.0,100.0,0.01,9.6,10.0,21.950823425576385
100.0,100.0,0.03,0.8,0.5,99.8914011970205
100.0,100.0,0.03,0.8,1.0,53.46801410148076
100.0,100.0,0.03,0.8,2.0,15.318842518662525
100.0,100.0,0.03,0.8,5.0,0.36026464516213175
100.0,100.0,0.03,0.8,10.0,0.0006954743743898452
100.0,100.0,0.03,3.0,0.5,157.97186399354823
100.0,100.0,0.03,3.0,1.0,133.7202959174442
100.0,100.0,0.03,3.0,2.0,95.81477888404119
100.0,100.0,0.03,3.0,5.0,35.24828731182639
100.0,100.0,0.03,3.0,10.0,6.65754151501279
100.0,100.0,0.03,9.6,0.5,177.1506099641438
100.0,100.0,0.03,9.6,1.0,168.16017388605778
100.0,100.0,0.03,9.6,2.0,151.5249464624901
100.0,100.0,0.03,9.6,5.0,110.85801900726094
100.0,100.0,0.03,9.6,10.0,65.85247027672915
100.0,100.0,0.1,0.8,0.5,332.97133732340166
100.0,100.0,0.1,0.8,1.0,178.22671367160257
100.0,100.0,0.1,0.8,2.0,51.062808395541765
100.0,100.0,0.1,0.8,5.0,1.2008821505404392
100.0,100.0,0.1,0.8,10.0,0.0023182479146328172
100.0,100.0,0.1,3.0,0.5,526.5728799784943
100.0,100.0,0.1,3.0,1.0,445.734319724814
100.0,100.0,0.1,3.0,2.0,319.38259628013736
100.0,100.0,0.1,3.0,5.0,117.49429103942128
100.0,100.0,0.1,3.0,10.0,22.191805050042635
100.0,100.0,0.1,9.6,0.5,590.5020332138128
100.0,100.0,0.1,9.6,1.0,560.533912953526
100.0,100.0,0.1,9.6,2.0,505.0831548749672
100.0,100.0,0.1,9.6,5.0,369.52673002420306
100.0,100.0,0.1,9.6,10.0,219.50823425576385
1000.0,1.0,0.01,0.8,0.5,71.3603295834813
1000.0,1.0,0.01,0.8,1.0,38.19643195244016
1000.0,1.0,0.01,0.8,2.0,10.943460977317942
1000.0,1.0,0.01,0.8,5.0,0.2573655340497164
1000.0,1.0,0.01,0.8,10.0,0.0004968323597287284
1000.0,1.0,0.01,3.0,0.5,112.85179849727372
1000.0,1.0,0.01,3.0,1.0,95.52698504898026
1000.0,1.0,0.01,3.0,2.0,68.4480757923086
1000.0,1.0,0.01,3.0,5.0,25.180639871735014
1000.0,1.0,0.01,3.0,10.0,4.756008535609497
1000.0,1.0,0.01,9.6,0.5,126.55269384020924
1000.0,1.0,0.01,9.6,1.0,120.13011417926266
1000.0,1.0,0.01,9.6,2.0,108.24625533438982
1000.0,1.0,0.01,9.6,5.0,79.19465217758838
1000.0,1.0,0.01,9.6,10.0,47.04362864592557
1000.0,1.0,0.03,0.8,0.5,214.0809887504439
1000.0,1.0,0.03,0.8,1.0,114.58929585732047
1000.0,1.0,0.03,0.8,2.0,32.83038293195383
1000.0,1.0,0.03,0.8,5.0,0.7720966021491493
1000.0,1.0,0.03,0.8,10.0,0.0014904970791861849
1000.0,1.0,0.03,3.0,0.5,338.5553954918211
1000.0,1.0,0.03,3.0,1.0,286.5809551469408
1000.0,1.0,0.03,3.0,2.0,205.34422737692577
1000.0,1.0,0.03,3.0,5.0,75.54191961520505
1000.0,1.0,0.03,3.0,10.0,14.268025606828488
1000.0,1.0,0.03,9.6,0.5,379.6580815206277
1000.0,1.0,0.03,9.6,1.0,360.390342537788
1000.0,1.0,0.03,9.6,2.0,324.7387660031695
1000.0,1.0,0.03,9.6,5.0,237.58395653276517
1000.0,1.0,0.03,9.6,10.0,141.13088593777672
1000.0,1.0,0.1,0.8,0.5,713.603295834813
1000.0,1.0,0.1,0.8,1.0,381.9643195244016
1000.0,1.0,0.1,0.8,2.0,109.43460977317945
1000.0,1.0,0.1,0.8,5.0,2.573655340497164
1000.0,1.0,0.1,0.8,10.0,0.004968323597287284
1000.0,1.0,0.1,3.0,0.5,1128.5179849727374
1000.0,1.0,0.1,3.0,1.0,955.2698504898027
1000.0,1.0,0.1,3.0,2.0,684.480757923086
1000.0,1.0,0.1,3.0,5.0,251.80639871735013
1000.0,1.0,0.1,3.0,10.0,47.56008535609496
1000.0,1.0,0.1,9.6,0.5,1265.5269384020928
1000.0,1.0,0.1,9.6,1.0,1201.3011417926268
1000.0,1.0,0.1,9.6,2.0,1082.4625533438982
1000.0,1.0,0.1,9.6,5.0,791.9465217758839
1000.0,1.0,0.1,9.6,10.0,470.43628645925577
1000.0,10.0,0.01,0.8,0.5,70.63291409391465
1000.0,10.0,0.01,0.8,1.0,37.80707449836786
1000.0,10.0,0.01,0.8,2.0,10.831908199032961
1000.0,10.0,0.01,0.8,5.0,0.25474206416047845
1000.0,10.0,0.01,0.8,10.0,0.0004917678714297801
1000.0,10.0,0.01,3.0,0.5,111.7014374110579
1000.0,10.0,0.01,3.0,1.0,94.55322541247324
1000.0,10.0,0.01,3.0,2.0,67.75034652377838
1000.0,10.0,0.01,3.0,5.0,24.923959618339154
1000.0,10.0,0.01,3.0,10.0,4.707527898012856
1000.0,10.0,0.01,9.6,0.5,125.26267191509938
1000.0,10.0,0.01,9.6,1.0,118.90556117723119
1000.0,10.0,0.01,9.6,2.0,107.14284110862297
1000.0,10.0,0.01,9.6,5.0,78.38737708481531
1000.0,10.0,0.01,9.6,10.0,46.56408680016609
1000.0,10.0,0.03,0.8,0.5,211.89874228174392
1000.0,10.0,0.03,0.8,1.0,113.42122349510359
1000.0,10.0,0.03,0.8,2.0,32.49572459709888
1000.0,10.0,0.03,0.8,5.0,0.7642261924814353
1000.0,10.0,0.03,0.8,10.0,0.0014753036142893402
1000.0,10.0,0.03,3.0,0.5,335.10431223317363
1000.0,10.0,0.03,3.0,1.0,283.6596762374197
1000.0,10.0,0.03,3.0,2.0,203.2510395713351
1000.0,10.0,0.03,3.0,5.0,74.77187885501746
1000.0,10.0,0.03,3.0,10.0,14.122583694038564
1000.0,10.0,0.03,9.6,0.5,375.7880157452982
1000.0,10.0,0.03,9.6,1.0,356.7166835316936
1000.0,10.0,0.03,9.6,2.0,321.4285233258689
1000.0,10.0,0.03,9.6,5.0,235.16213125444594
1000.0,10.0,0.03,9.6,10.0,139.69226040049824
1000.0,10.0,0.1,0.8,0.5,706.3291409391464
1000.0,10.0,0.1,0.8,1.0,378.07074498367865
1000.0,10.0,0.1,0.8,2.0,108.31908199032961
1000.0,10.0,0.1,0.8,5.0,2.5474206416047847
1000.0,10.0,0.1,0.8,10.0,0.0049176787142978014
1000.0,10.0,0.1,3.0,0.5,1117.014374110579
1000.0,10.0,0.1,3.0,1.0,945.5322541247326
1000.0,10.0,0.1,3.0,2.0,677.5034652377836
1000.0,10.0,0.1,3.0,5.0,249.23959618339154
1000.0,10.0,0.1,3.0,10.0,47.07527898012856
1000.0,10.0,0.1,9.6,0.5,1252.6267191509944
1000.0,10.0,0.1,9.6,1.0,1189.0556117723122
1000.0,10.0,0.1,9.6,2.0,1071.4284110862297
1000.0,10.0,0.1,9.6,5.0,783.8737708481531
1000.0,10.0,0.1,9.6,10.0,465.6408680016609
1000.0,100.0,0.01,0.8,0.5,64.09895178393485
1000.0,100.0,0.01,0.8,1.0,34.30969649843883
1000.0,100.0,0.01,0.8,2.0,9.829892625619996
1000.0,100.0,0.01,0.8,5.0,0.23117691656118913
1000.0,100.0,0.01,0.8,10.0,0.0004462764347759156
1000.0,100.0,0.01,3.0,0.5,101.36839379566925
1000.0,100.0,0.01,3.0,1.0,85.8064928295491
1000.0,100.0,0.01,3.0,2.0,61.48303876289728
1000.0,100.0,0.01,3.0,5.0,22.618345941616774
1000.0,100.0,0.01,3.0,10.0,4.272053724911388
1000.0,100.0,0.01,9.6,0.5,113.67513390056433
1000.0,100.0,0.01,9.6,1.0,107.9060935048934
1000.0,100.0,0.01,9.6,2.0,97.2314946128933
1000.0,100.0,0.01,9.6,5.0,71.13608108463394
1000.0,100.0,0.01,9.6,10.0,42.25663336922906
1000.0,100.0,0.03,0.8,0.5,192.29685535180448
1000.0,100.0,0.03,0.8,1.0,102.9290894953165
1000.0,100.0,0.03,0.8,2.0,29.489677876859982
1000.0,100.0,0.03,0.8,5.0,0.6935307496835673
1000.0,100.0,0.03,0.8,10.0,0.0013388293043277465
1000.0,100.0,0.03,3.0,0.5,304.1051813870077
1000.0,100.0,0.03,3.0,1.0,257.4194784886473
1000.0,100.0,0.03,3.0,2.0,184.4491162886918
1000.0,100.0,0.03,3.0,5.0,67.85503782485033
1000.0,100.0,0.03,3.0,10.0,12.816161174734164
1000.0,100.0,0.03,9.6,0.5,341.02540170169306
1000.0,100.0,0.03,9.6,1.0,323.71828051468026
1000.0,100.0,0.03,9.6,2.0,291.6944838386799
1000.0,100.0,0.03,9.6,5.0,213.40824325390182
1000.0,100.0,0.03,9.6,10.0,126.76990010768716
1000.0,100.0,0.1,0.8,0.5,640.9895178393483
1000.0,100.0,0.1,0.8,1.0,343.09696498438836
1000.0,100.0,0.1,0.8,2.0,98.29892625619995
1000.0,100.0,0.1,0.8,5.0,2.3117691656118913
1000.0,100.0,0.1,0.8,10.0,0.004462764347759155
1000.0,100.0,0.1,3.0,0.5,1013.6839379566926
1000.0,100.0,0.1,3.0,1.0,858.0649282954911
1000.0,100.0,0.1,3.0,2.0,614.8303876289729
1000.0,100.0,0.1,3.0,5.0,226.18345941616778
1000.0,100.0,0.1,3.0,10.0,42.72053724911389
1000.0,100.0,0.1,9.6,0.5,1136.7513390056438
1000.0,100.0,0.1,9.6,1.0,1079.0609350489342
1000.0,100.0,0.1,9.6,2.0,972.3149461289329
1000.0,100.0,0.1,9.6,5.0,711.3608108463394
1000.0,100.0,0.1,9.6,10.0,422.5663336922905
