"ionic_strength_case","lambda_D_nm","linker_distance_nm","concentration_pM","alpha_0","alpha_eff","noise_floor_A","noise_floor_pA","Kd_pM","N_bound","DeltaIds_screened_A","DeltaIds_screened_pA","LOD_screened_pM","detectable_screened","scientific_conclusion"
"low_ionic_strength","9.6","1","0.5","0.01","0.00901075105721291","1E-11","10","10","8.36133875432868","1.50888873831349E-11","15.0888873831349","1.8958236554909","False","screened signal falls below threshold"
"low_ionic_strength","9.6","1","1","0.01","0.00901075105721291","1E-11","10","10","16.0514034804785","2.89663924132739E-11","28.9663924132739","1.8958236554909","False","screened signal falls below threshold"
"low_ionic_strength","9.6","1","10","0.01","0.00901075105721291","1E-11","10","10","93.1840859531965","1.68160173886058E-10","168.160173886058","1.8958236554909","True","screened signal remains above threshold"
"low_ionic_strength","9.6","1","100","0.01","0.00901075105721291","1E-11","10","10","179.384876805256","3.2371828051468E-10","323.71828051468","1.8958236554909","True","screened signal remains above threshold"
"low_ionic_strength","9.6","1","1000","0.01","0.00901075105721291","1E-11","10","10","197.67057401879","3.56716683531694E-10","356.716683531694","1.8958236554909","True","screened signal remains above threshold"
"low_ionic_strength","9.6","1","0.5","0.01","0.00901075105721291","5E-11","50","10","8.36133875432868","1.50888873831349E-11","15.0888873831349","9.47911827745449","False","screened signal falls below threshold"
"low_ionic_strength","9.6","1","1","0.01","0.00901075105721291","5E-11","50","10","16.0514034804785","2.89663924132739E-11","28.9663924132739","9.47911827745449","False","screened signal falls below threshold"
"low_ionic_strength","9.6","1","10","0.01","0.00901075105721291","5E-11","50","10","93.1840859531965","1.68160173886058E-10","168.160173886058","9.47911827745449","True","screened signal remains above threshold"
"low_ionic_strength","9.6","1","100","0.01","0.00901075105721291","5E-11","50","10","179.384876805256","3.2371828051468E-10","323.71828051468","9.47911827745449","True","screened signal remains above threshold"
"low_ionic_strength","9.6","1","1000","0.01","0.00901075105721291","5E-11","50","10","197.67057401879","3.56716683531694E-10","356.716683531694","9.47911827745449","True","screened signal remains above threshold"
"low_ionic_strength","9.6","1","0.5","0.03","0.0270322531716387","1E-11","10","10","8.36133875432868","4.52666621494047E-11","45.2666621494047","0.631941218496966","True","screened signal remains above threshold"
"low_ionic_strength","9.6","1","1","0.03","0.0270322531716387","1E-11","10","10","16.0514034804785","8.68991772398216E-11","86.8991772398216","0.631941218496966","True","screened signal remains above threshold"
"low_ionic_strength","9.6","1","10","0.03","0.0270322531716387","1E-11","10","10","93.1840859531965","5.04480521658173E-10","504.480521658173","0.631941218496966","True","screened signal remains above threshold"
"low_ionic_strength","9.6","1","100","0.03","0.0270322531716387","1E-11","10","10","179.384876805256","9.71154841544041E-10","971.154841544041","0.631941218496966","True","screened signal remains above threshold"
"low_ionic_strength","9.6","1","1000","0.03","0.0270322531716387","1E-11","10","10","197.67057401879","1.07015005059508E-09","1070.15005059508","0.631941218496966","True","screened signal remains above threshold"
"low_ionic_strength","9.6","1","0.5","0.03","0.0270322531716387","5E-11","50","10","8.36133875432868","4.52666621494047E-11","45.2666621494047","3.15970609248483","False","screened signal falls below threshold"
"low_ionic_strength","9.6","1","1","0.03","0.0270322531716387","5E-11","50","10","16.0514034804785","8.68991772398216E-11","86.8991772398216","3.15970609248483","False","screened signal falls below threshold"
"low_ionic_strength","9.6","1","10","0.03","0.0270322531716387","5E-11","50","10","93.1840859531965","5.04480521658173E-10","504.480521658173","3.15970609248483","True","screened signal remains above threshold"
"low_ionic_strength","9.6","1","100","0.03","0.0270322531716387","5E-11","50","10","179.384876805256","9.71154841544041E-10","971.154841544041","3.15970609248483","True","screened signal remains above threshold"
"low_ionic_strength","9.6","1","1000","0.03","0.0270322531716387","5E-11","50","10","197.67057401879","1.07015005059508E-09","1070.15005059508","3.15970609248483","True","screened signal remains above threshold"
"low_ionic_strength","9.6","1","0.5","0.1","0.0901075105721291","1E-11","10","10","8.36133875432868","1.50888873831349E-10","150.888873831349","0.18958236554909","True","screened signal remains above threshold"
"low_ionic_strength","9.6","1","1","0.1","0.0901075105721291","1E-11","10","10","16.0514034804785","2.89663924132739E-10","289.663924132739","0.18958236554909","True","screened signal remains above threshold"
"low_ionic_strength","9.6","1","10","0.1","0.0901075105721291","1E-11","10","10","93.1840859531965","1.68160173886058E-09","1681.60173886058","0.18958236554909","True","screened signal remains above threshold"
"low_ionic_strength","9.6","1","100","0.1","0.0901075105721291","1E-11","10","10","179.384876805256","3.2371828051468E-09","3237.1828051468","0.18958236554909","True","screened signal remains above threshold"
"low_ionic_strength","9.6","1","1000","0.1","0.0901075105721291","1E-11","10","10","197.67057401879","3.56716683531694E-09","3567.16683531694","0.18958236554909","True","screened signal remains above threshold"
"low_ionic_strength","9.6","1","0.5","0.1","0.0901075105721291","5E-11","50","10","8.36133875432868","1.50888873831349E-10","150.888873831349","0.947911827745449","True","screened signal remains above threshold"
"low_ionic_strength","9.6","1","1","0.1","0.0901075105721291","5E-11","50","10","16.0514034804785","2.89663924132739E-10","289.663924132739","0.947911827745449","True","screened signal remains above threshold"
"low_ionic_strength","9.6","1","10","0.1","0.0901075105721291","5E-11","50","10","93.1840859531965","1.68160173886058E-09","1681.60173886058","0.947911827745449","True","screened signal remains above threshold"
"low_ionic_strength","9.6","1","100","0.1","0.0901075105721291","5E-11","50","10","179.384876805256","3.2371828051468E-09","3237.1828051468","0.947911827745449","True","screened signal remains above threshold"
"low_ionic_strength","9.6","1","1000","0.1","0.0901075105721291","5E-11","50","10","197.67057401879","3.56716683531694E-09","3567.16683531694","0.947911827745449","True","screened signal remains above threshold"
"low_ionic_strength","9.6","5","0.5","0.01","0.00594025320553635","1E-11","10","10","8.36133875432868","9.94720762748138E-12","9.94720762748138","2.87576882953113","False","screened signal falls below threshold"
"low_ionic_strength","9.6","5","1","0.01","0.00594025320553635","1E-11","10","10","16.0514034804785","1.909582278916E-11","19.09582278916","2.87576882953113","False","screened signal falls below threshold"
"low_ionic_strength","9.6","5","10","0.01","0.00594025320553635","1E-11","10","10","93.1840859531965","1.10858019007261E-10","110.858019007261","2.87576882953113","True","screened signal remains above threshold"
"low_ionic_strength","9.6","5","100","0.01","0.00594025320553635","1E-11","10","10","179.384876805256","2.13408243253902E-10","213.408243253902","2.87576882953113","True","screened signal remains above threshold"
"low_ionic_strength","9.6","5","1000","0.01","0.00594025320553635","1E-11","10","10","197.67057401879","2.35162131254446E-10","235.162131254446","2.87576882953113","True","screened signal remains above threshold"
"low_ionic_strength","9.6","5","0.5","0.01","0.00594025320553635","5E-11","50","10","8.36133875432868","9.94720762748138E-12","9.94720762748138","14.3788441476557","False","screened signal falls below threshold"
"low_ionic_strength","9.6","5","1","0.01","0.00594025320553635","5E-11","50","10","16.0514034804785","1.909582278916E-11","19.09582278916","14.3788441476557","False","screened signal falls below threshold"
"low_ionic_strength","9.6","5","10","0.01","0.00594025320553635","5E-11","50","10","93.1840859531965","1.10858019007261E-10","110.858019007261","14.3788441476557","False","screened signal falls below threshold"
"low_ionic_strength","9.6","5","100","0.01","0.00594025320553635","5E-11","50","10","179.384876805256","2.13408243253902E-10","213.408243253902","14.3788441476557","True","screened signal remains above threshold"
"low_ionic_strength","9.6","5","1000","0.01","0.00594025320553635","5E-11","50","10","197.67057401879","2.35162131254446E-10","235.162131254446","14.3788441476557","True","screened signal remains above threshold"
"low_ionic_strength","9.6","5","0.5","0.03","0.0178207596166091","1E-11","10","10","8.36133875432868","2.98416228824441E-11","29.8416228824441","0.958589609843712","False","screened signal falls below threshold"
"low_ionic_strength","9.6","5","1","0.03","0.0178207596166091","1E-11","10","10","16.0514034804785","5.728746836748E-11","57.28746836748","0.958589609843712","True","screened signal remains above threshold"
"low_ionic_strength","9.6","5","10","0.03","0.0178207596166091","1E-11","10","10","93.1840859531965","3.32574057021783E-10","332.574057021783","0.958589609843712","True","screened signal remains above threshold"
"low_ionic_strength","9.6","5","100","0.03","0.0178207596166091","1E-11","10","10","179.384876805256","6.40224729761705E-10","640.224729761705","0.958589609843712","True","screened signal remains above threshold"
"low_ionic_strength","9.6","5","1000","0.03","0.0178207596166091","1E-11","10","10","197.67057401879","7.05486393763338E-10","705.486393763338","0.958589609843712","True","screened signal remains above threshold"
"low_ionic_strength","9.6","5","0.5","0.03","0.0178207596166091","5E-11","50","10","8.36133875432868","2.98416228824441E-11","29.8416228824441","4.79294804921856","False","screened signal falls below threshold"
"low_ionic_strength","9.6","5","1","0.03","0.0178207596166091","5E-11","50","10","16.0514034804785","5.728746836748E-11","57.28746836748","4.79294804921856","False","screened signal falls below threshold"
"low_ionic_strength","9.6","5","10","0.03","0.0178207596166091","5E-11","50","10","93.1840859531965","3.32574057021783E-10","332.574057021783","4.79294804921856","True","screened signal remains above threshold"
"low_ionic_strength","9.6","5","100","0.03","0.0178207596166091","5E-11","50","10","179.384876805256","6.40224729761705E-10","640.224729761705","4.79294804921856","True","screened signal remains above threshold"
"low_ionic_strength","9.6","5","1000","0.03","0.0178207596166091","5E-11","50","10","197.67057401879","7.05486393763338E-10","705.486393763338","4.79294804921856","True","screened signal remains above threshold"
"low_ionic_strength","9.6","5","0.5","0.1","0.0594025320553635","1E-11","10","10","8.36133875432868","9.94720762748138E-11","99.4720762748138","0.287576882953113","True","screened signal remains above threshold"
"low_ionic_strength","9.6","5","1","0.1","0.0594025320553635","1E-11","10","10","16.0514034804785","1.909582278916E-10","190.9582278916","0.287576882953113","True","screened signal remains above threshold"
"low_ionic_strength","9.6","5","10","0.1","0.0594025320553635","1E-11","10","10","93.1840859531965","1.10858019007261E-09","1108.58019007261","0.287576882953113","True","screened signal remains above threshold"
"low_ionic_strength","9.6","5","100","0.1","0.0594025320553635","1E-11","10","10","179.384876805256","2.13408243253902E-09","2134.08243253902","0.287576882953113","True","screened signal remains above threshold"
"low_ionic_strength","9.6","5","1000","0.1","0.0594025320553635","1E-11","10","10","197.67057401879","2.35162131254446E-09","2351.62131254446","0.287576882953113","True","screened signal remains above threshold"
"low_ionic_strength","9.6","5","0.5","0.1","0.0594025320553635","5E-11","50","10","8.36133875432868","9.94720762748138E-11","99.4720762748138","1.43788441476557","False","screened signal falls below threshold"
"low_ionic_strength","9.6","5","1","0.1","0.0594025320553635","5E-11","50","10","16.0514034804785","1.909582278916E-10","190.9582278916","1.43788441476557","True","screened signal remains above threshold"
"low_ionic_strength","9.6","5","10","0.1","0.0594025320553635","5E-11","50","10","93.1840859531965","1.10858019007261E-09","1108.58019007261","1.43788441476557","True","screened signal remains above threshold"
"low_ionic_strength","9.6","5","100","0.1","0.0594025320553635","5E-11","50","10","179.384876805256","2.13408243253902E-09","2134.08243253902","1.43788441476557","True","screened signal remains above threshold"
"low_ionic_strength","9.6","5","1000","0.1","0.0594025320553635","5E-11","50","10","197.67057401879","2.35162131254446E-09","2351.62131254446","1.43788441476557","True","screened signal remains above threshold"
"low_ionic_strength","9.6","10","0.5","0.01","0.00352866081458849","1E-11","10","10","8.36133875432868","5.90889319952819E-12","5.90889319952819","4.84115530100788","False","screened signal falls below threshold"
"low_ionic_strength","9.6","10","1","0.01","0.00352866081458849","1E-11","10","10","16.0514034804785","1.13434022535662E-11","11.3434022535662","4.84115530100788","False","screened signal falls below threshold"
"low_ionic_strength","9.6","10","10","0.01","0.00352866081458849","1E-11","10","10","93.1840859531965","6.58524702767292E-11","65.8524702767292","4.84115530100788","True","screened signal remains above threshold"
"low_ionic_strength","9.6","10","100","0.01","0.00352866081458849","1E-11","10","10","179.384876805256","1.26769900107687E-10","126.769900107687","4.84115530100788","True","screened signal remains above threshold"
"low_ionic_strength","9.6","10","1000","0.01","0.00352866081458849","1E-11","10","10","197.67057401879","1.39692260400498E-10","139.692260400498","4.84115530100788","True","screened signal remains above threshold"
"low_ionic_strength","9.6","10","0.5","0.01","0.00352866081458849","5E-11","50","10","8.36133875432868","5.90889319952819E-12","5.90889319952819","24.2057765050394","False","screened signal falls below threshold"
"low_ionic_strength","9.6","10","1","0.01","0.00352866081458849","5E-11","50","10","16.0514034804785","1.13434022535662E-11","11.3434022535662","24.2057765050394","False","screened signal falls below threshold"
"low_ionic_strength","9.6","10","10","0.01","0.00352866081458849","5E-11","50","10","93.1840859531965","6.58524702767292E-11","65.8524702767292","24.2057765050394","False","screened signal falls below threshold"
"low_ionic_strength","9.6","10","100","0.01","0.00352866081458849","5E-11","50","10","179.384876805256","1.26769900107687E-10","126.769900107687","24.2057765050394","False","screened signal falls below threshold"
"low_ionic_strength","9.6","10","1000","0.01","0.00352866081458849","5E-11","50","10","197.67057401879","1.39692260400498E-10","139.692260400498","24.2057765050394","False","screened signal falls below threshold"
"low_ionic_strength","9.6","10","0.5","0.03","0.0105859824437655","1E-11","10","10","8.36133875432868","1.77266795985846E-11","17.7266795985846","1.61371843366929","False","screened signal falls below threshold"
"low_ionic_strength","9.6","10","1","0.03","0.0105859824437655","1E-11","10","10","16.0514034804785","3.40302067606986E-11","34.0302067606986","1.61371843366929","True","screened signal remains above threshold"
"low_ionic_strength","9.6","10","10","0.03","0.0105859824437655","1E-11","10","10","93.1840859531965","1.97557410830187E-10","197.557410830187","1.61371843366929","True","screened signal remains above threshold"
"low_ionic_strength","9.6","10","100","0.03","0.0105859824437655","1E-11","10","10","179.384876805256","3.80309700323061E-10","380.309700323062","1.61371843366929","True","screened signal remains above threshold"
"low_ionic_strength","9.6","10","1000","0.03","0.0105859824437655","1E-11","10","10","197.67057401879","4.19076781201495E-10","419.076781201495","1.61371843366929","True","screened signal remains above threshold"
"low_ionic_strength","9.6","10","0.5","0.03","0.0105859824437655","5E-11","50","10","8.36133875432868","1.77266795985846E-11","17.7266795985846","8.06859216834646","False","screened signal falls below threshold"
"low_ionic_strength","9.6","10","1","0.03","0.0105859824437655","5E-11","50","10","16.0514034804785","3.40302067606986E-11","34.0302067606986","8.06859216834646","False","screened signal falls below threshold"
"low_ionic_strength","9.6","10","10","0.03","0.0105859824437655","5E-11","50","10","93.1840859531965","1.97557410830187E-10","197.557410830187","8.06859216834646","True","screened signal remains above threshold"
"low_ionic_strength","9.6","10","100","0.03","0.0105859824437655","5E-11","50","10","179.384876805256","3.80309700323061E-10","380.309700323062","8.06859216834646","True","screened signal remains above threshold"
"low_ionic_strength","9.6","10","1000","0.03","0.0105859824437655","5E-11","50","10","197.67057401879","4.19076781201495E-10","419.076781201495","8.06859216834646","True","screened signal remains above threshold"
"low_ionic_strength","9.6","10","0.5","0.1","0.0352866081458849","1E-11","10","10","8.36133875432868","5.90889319952819E-11","59.0889319952819","0.484115530100788","True","screened signal remains above threshold"
"low_ionic_strength","9.6","10","1","0.1","0.0352866081458849","1E-11","10","10","16.0514034804785","1.13434022535662E-10","113.434022535662","0.484115530100788","True","screened signal remains above threshold"
"low_ionic_strength","9.6","10","10","0.1","0.0352866081458849","1E-11","10","10","93.1840859531965","6.58524702767292E-10","658.524702767292","0.484115530100788","True","screened signal remains above threshold"
"low_ionic_strength","9.6","10","100","0.1","0.0352866081458849","1E-11","10","10","179.384876805256","1.26769900107687E-09","1267.69900107687","0.484115530100788","True","screened signal remains above threshold"
"low_ionic_strength","9.6","10","1000","0.1","0.0352866081458849","1E-11","10","10","197.67057401879","1.39692260400498E-09","1396.92260400498","0.484115530100788","True","screened signal remains above threshold"
"low_ionic_strength","9.6","10","0.5","0.1","0.0352866081458849","5E-11","50","10","8.36133875432868","5.90889319952819E-11","59.0889319952819","2.42057765050394","False","screened signal falls below threshold"
"low_ionic_strength","9.6","10","1","0.1","0.0352866081458849","5E-11","50","10","16.0514034804785","1.13434022535662E-10","113.434022535662","2.42057765050394","False","screened signal falls below threshold"
"low_ionic_strength","9.6","10","10","0.1","0.0352866081458849","5E-11","50","10","93.1840859531965","6.58524702767292E-10","658.524702767292","2.42057765050394","True","screened signal remains above threshold"
"low_ionic_strength","9.6","10","100","0.1","0.0352866081458849","5E-11","50","10","179.384876805256","1.26769900107687E-09","1267.69900107687","2.42057765050394","True","screened signal remains above threshold"
"low_ionic_strength","9.6","10","1000","0.1","0.0352866081458849","5E-11","50","10","197.67057401879","1.39692260400498E-09","1396.92260400498","2.42057765050394","True","screened signal remains above threshold"
"moderate_ionic_strength","3","1","0.5","0.01","0.00716531310573789","1E-11","10","10","8.36133875432868","1.19986227375391E-11","11.9986227375391","2.38409609683688","False","screened signal falls below threshold"
"moderate_ionic_strength","3","1","1","0.01","0.00716531310573789","1E-11","10","10","16.0514034804785","2.30339590858673E-11","23.0339590858673","2.38409609683688","False","screened signal falls below threshold"
"moderate_ionic_strength","3","1","10","0.01","0.00716531310573789","1E-11","10","10","93.1840859531965","1.33720295917444E-10","133.720295917444","2.38409609683688","True","screened signal remains above threshold"
"moderate_ionic_strength","3","1","100","0.01","0.00716531310573789","1E-11","10","10","179.384876805256","2.57419478488647E-10","257.419478488647","2.38409609683688","True","screened signal remains above threshold"
"moderate_ionic_strength","3","1","1000","0.01","0.00716531310573789","1E-11","10","10","197.67057401879","2.8365967623742E-10","283.65967623742","2.38409609683688","True","screened signal remains above threshold"
"moderate_ionic_strength","3","1","0.5","0.01","0.00716531310573789","5E-11","50","10","8.36133875432868","1.19986227375391E-11","11.9986227375391","11.9204804841844","False","screened signal falls below threshold"
"moderate_ionic_strength","3","1","1","0.01","0.00716531310573789","5E-11","50","10","16.0514034804785","2.30339590858673E-11","23.0339590858673","11.9204804841844","False","screened signal falls below threshold"
"moderate_ionic_strength","3","1","10","0.01","0.00716531310573789","5E-11","50","10","93.1840859531965","1.33720295917444E-10","133.720295917444","11.9204804841844","False","screened signal falls below threshold"
"moderate_ionic_strength","3","1","100","0.01","0.00716531310573789","5E-11","50","10","179.384876805256","2.57419478488647E-10","257.419478488647","11.9204804841844","True","screened signal remains above threshold"
"moderate_ionic_strength","3","1","1000","0.01","0.00716531310573789","5E-11","50","10","197.67057401879","2.8365967623742E-10","283.65967623742","11.9204804841844","True","screened signal remains above threshold"
"moderate_ionic_strength","3","1","0.5","0.03","0.0214959393172137","1E-11","10","10","8.36133875432868","3.59958682126175E-11","35.9958682126175","0.794698698945626","True","screened signal remains above threshold"
"moderate_ionic_strength","3","1","1","0.03","0.0214959393172137","1E-11","10","10","16.0514034804785","6.9101877257602E-11","69.101877257602","0.794698698945626","True","screened signal remains above threshold"
"moderate_ionic_strength","3","1","10","0.03","0.0214959393172137","1E-11","10","10","93.1840859531965","4.01160887752333E-10","401.160887752333","0.794698698945626","True","screened signal remains above threshold"
"moderate_ionic_strength","3","1","100","0.03","0.0214959393172137","1E-11","10","10","179.384876805256","7.72258435465942E-10","772.258435465942","0.794698698945626","True","screened signal remains above threshold"
"moderate_ionic_strength","3","1","1000","0.03","0.0214959393172137","1E-11","10","10","197.67057401879","8.50979028712259E-10","850.979028712259","0.794698698945626","True","screened signal remains above threshold"
"moderate_ionic_strength","3","1","0.5","0.03","0.0214959393172137","5E-11","50","10","8.36133875432868","3.59958682126175E-11","35.9958682126175","3.97349349472813","False","screened signal falls below threshold"
"moderate_ionic_strength","3","1","1","0.03","0.0214959393172137","5E-11","50","10","16.0514034804785","6.9101877257602E-11","69.101877257602","3.97349349472813","False","screened signal falls below threshold"
"moderate_ionic_strength","3","1","10","0.03","0.0214959393172137","5E-11","50","10","93.1840859531965","4.01160887752333E-10","401.160887752333","3.97349349472813","True","screened signal remains above threshold"
"moderate_ionic_strength","3","1","100","0.03","0.0214959393172137","5E-11","50","10","179.384876805256","7.72258435465942E-10","772.258435465942","3.97349349472813","True","screened signal remains above threshold"
"moderate_ionic_strength","3","1","1000","0.03","0.0214959393172137","5E-11","50","10","197.67057401879","8.50979028712259E-10","850.979028712259","3.97349349472813","True","screened signal remains above threshold"
"moderate_ionic_strength","3","1","0.5","0.1","0.0716531310573789","1E-11","10","10","8.36133875432868","1.19986227375392E-10","119.986227375392","0.238409609683688","True","screened signal remains above threshold"
"moderate_ionic_strength","3","1","1","0.1","0.0716531310573789","1E-11","10","10","16.0514034804785","2.30339590858673E-10","230.339590858673","0.238409609683688","True","screened signal remains above threshold"
"moderate_ionic_strength","3","1","10","0.1","0.0716531310573789","1E-11","10","10","93.1840859531965","1.33720295917444E-09","1337.20295917444","0.238409609683688","True","screened signal remains above threshold"
"moderate_ionic_strength","3","1","100","0.1","0.0716531310573789","1E-11","10","10","179.384876805256","2.57419478488647E-09","2574.19478488647","0.238409609683688","True","screened signal remains above threshold"
"moderate_ionic_strength","3","1","1000","0.1","0.0716531310573789","1E-11","10","10","197.67057401879","2.8365967623742E-09","2836.5967623742","0.238409609683688","True","screened signal remains above threshold"
"moderate_ionic_strength","3","1","0.5","0.1","0.0716531310573789","5E-11","50","10","8.36133875432868","1.19986227375392E-10","119.986227375392","1.19204804841844","False","screened signal falls below threshold"
"moderate_ionic_strength","3","1","1","0.1","0.0716531310573789","5E-11","50","10","16.0514034804785","2.30339590858673E-10","230.339590858673","1.19204804841844","True","screened signal remains above threshold"
"moderate_ionic_strength","3","1","10","0.1","0.0716531310573789","5E-11","50","10","93.1840859531965","1.33720295917444E-09","1337.20295917444","1.19204804841844","True","screened signal remains above threshold"
"moderate_ionic_strength","3","1","100","0.1","0.0716531310573789","5E-11","50","10","179.384876805256","2.57419478488647E-09","2574.19478488647","1.19204804841844","True","screened signal remains above threshold"
"moderate_ionic_strength","3","1","1000","0.1","0.0716531310573789","5E-11","50","10","197.67057401879","2.8365967623742E-09","2836.5967623742","1.19204804841844","True","screened signal remains above threshold"
"moderate_ionic_strength","3","5","0.5","0.01","0.00188875602837562","1E-11","10","10","8.36133875432868","3.16280261494561E-12","3.16280261494561","9.04446882040954","False","screened signal falls below threshold"
"moderate_ionic_strength","3","5","1","0.01","0.00188875602837562","1E-11","10","10","16.0514034804785","6.07168569450937E-12","6.07168569450937","9.04446882040954","False","screened signal falls below threshold"
"moderate_ionic_strength","3","5","10","0.01","0.00188875602837562","1E-11","10","10","93.1840859531965","3.52482873118264E-11","35.2482873118264","9.04446882040954","True","screened signal remains above threshold"
"moderate_ionic_strength","3","5","100","0.01","0.00188875602837562","1E-11","10","10","179.384876805256","6.78550378248503E-11","67.8550378248503","9.04446882040954","True","screened signal remains above threshold"
"moderate_ionic_strength","3","5","1000","0.01","0.00188875602837562","1E-11","10","10","197.67057401879","7.47718788550175E-11","74.7718788550175","9.04446882040954","True","screened signal remains above threshold"
"moderate_ionic_strength","3","5","0.5","0.01","0.00188875602837562","5E-11","50","10","8.36133875432868","3.16280261494561E-12","3.16280261494561","45.2223441020477","False","screened signal falls below threshold"
"moderate_ionic_strength","3","5","1","0.01","0.00188875602837562","5E-11","50","10","16.0514034804785","6.07168569450937E-12","6.07168569450937","45.2223441020477","False","screened signal falls below threshold"
"moderate_ionic_strength","3","5","10","0.01","0.00188875602837562","5E-11","50","10","93.1840859531965","3.52482873118264E-11","35.2482873118264","45.2223441020477","False","screened signal falls below threshold"
"moderate_ionic_strength","3","5","100","0.01","0.00188875602837562","5E-11","50","10","179.384876805256","6.78550378248503E-11","67.8550378248503","45.2223441020477","False","screened signal falls below threshold"
"moderate_ionic_strength","3","5","1000","0.01","0.00188875602837562","5E-11","50","10","197.67057401879","7.47718788550175E-11","74.7718788550175","45.2223441020477","False","screened signal falls below threshold"
"moderate_ionic_strength","3","5","0.5","0.03","0.00566626808512685","1E-11","10","10","8.36133875432868","9.48840784483682E-12","9.48840784483682","3.01482294013651","False","screened signal falls below threshold"
"moderate_ionic_strength","3","5","1","0.03","0.00566626808512685","1E-11","10","10","16.0514034804785","1.82150570835281E-11","18.2150570835281","3.01482294013651","False","screened signal falls below threshold"
"moderate_ionic_strength","3","5","10","0.03","0.00566626808512685","1E-11","10","10","93.1840859531965","1.05744861935479E-10","105.744861935479","3.01482294013651","True","screened signal remains above threshold"
"moderate_ionic_strength","3","5","100","0.03","0.00566626808512685","1E-11","10","10","179.384876805256","2.03565113474551E-10","203.565113474551","3.01482294013651","True","screened signal remains above threshold"
"moderate_ionic_strength","3","5","1000","0.03","0.00566626808512685","1E-11","10","10","197.67057401879","2.24315636565052E-10","224.315636565052","3.01482294013651","True","screened signal remains above threshold"
"moderate_ionic_strength","3","5","0.5","0.03","0.00566626808512685","5E-11","50","10","8.36133875432868","9.48840784483682E-12","9.48840784483682","15.0741147006826","False","screened signal falls below threshold"
"moderate_ionic_strength","3","5","1","0.03","0.00566626808512685","5E-11","50","10","16.0514034804785","1.82150570835281E-11","18.2150570835281","15.0741147006826","False","screened signal falls below threshold"
"moderate_ionic_strength","3","5","10","0.03","0.00566626808512685","5E-11","50","10","93.1840859531965","1.05744861935479E-10","105.744861935479","15.0741147006826","False","screened signal falls below threshold"
"moderate_ionic_strength","3","5","100","0.03","0.00566626808512685","5E-11","50","10","179.384876805256","2.03565113474551E-10","203.565113474551","15.0741147006826","True","screened signal remains above threshold"
"moderate_ionic_strength","3","5","1000","0.03","0.00566626808512685","5E-11","50","10","197.67057401879","2.24315636565052E-10","224.315636565052","15.0741147006826","True","screened signal remains above threshold"
"moderate_ionic_strength","3","5","0.5","0.1","0.0188875602837562","1E-11","10","10","8.36133875432868","3.16280261494561E-11","31.6280261494561","0.904446882040954","True","screened signal remains above threshold"
"moderate_ionic_strength","3","5","1","0.1","0.0188875602837562","1E-11","10","10","16.0514034804785","6.07168569450937E-11","60.7168569450937","0.904446882040954","True","screened signal remains above threshold"
"moderate_ionic_strength","3","5","10","0.1","0.0188875602837562","1E-11","10","10","93.1840859531965","3.52482873118264E-10","352.482873118264","0.904446882040954","True","screened signal remains above threshold"
"moderate_ionic_strength","3","5","100","0.1","0.0188875602837562","1E-11","10","10","179.384876805256","6.78550378248503E-10","678.550378248503","0.904446882040954","True","screened signal remains above threshold"
"moderate_ionic_strength","3","5","1000","0.1","0.0188875602837562","1E-11","10","10","197.67057401879","7.47718788550175E-10","747.718788550175","0.904446882040954","True","screened signal remains above threshold"
"moderate_ionic_strength","3","5","0.5","0.1","0.0188875602837562","5E-11","50","10","8.36133875432868","3.16280261494561E-11","31.6280261494561","4.52223441020477","False","screened signal falls below threshold"
"moderate_ionic_strength","3","5","1","0.1","0.0188875602837562","5E-11","50","10","16.0514034804785","6.07168569450937E-11","60.7168569450937","4.52223441020477","False","screened signal falls below threshold"
"moderate_ionic_strength","3","5","10","0.1","0.0188875602837562","5E-11","50","10","93.1840859531965","3.52482873118264E-10","352.482873118264","4.52223441020477","True","screened signal remains above threshold"
"moderate_ionic_strength","3","5","100","0.1","0.0188875602837562","5E-11","50","10","179.384876805256","6.78550378248503E-10","678.550378248503","4.52223441020477","True","screened signal remains above threshold"
"moderate_ionic_strength","3","5","1000","0.1","0.0188875602837562","5E-11","50","10","197.67057401879","7.47718788550175E-10","747.718788550175","4.52223441020477","True","screened signal remains above threshold"
"moderate_ionic_strength","3","10","0.5","0.01","0.000356739933472524","1E-11","10","10","8.36133875432868","5.97376250554069E-13","0.597376250554069","47.8858501814447","False","screened signal falls below threshold"
"moderate_ionic_strength","3","10","1","0.01","0.000356739933472524","1E-11","10","10","16.0514034804785","1.14679329579066E-12","1.14679329579066","47.8858501814447","False","screened signal falls below threshold"
"moderate_ionic_strength","3","10","10","0.01","0.000356739933472524","1E-11","10","10","93.1840859531965","6.65754151501279E-12","6.65754151501279","47.8858501814447","False","screened signal falls below threshold"
"moderate_ionic_strength","3","10","100","0.01","0.000356739933472524","1E-11","10","10","179.384876805256","1.28161611747342E-11","12.8161611747342","47.8858501814447","False","screened signal falls below threshold"
"moderate_ionic_strength","3","10","1000","0.01","0.000356739933472524","1E-11","10","10","197.67057401879","1.41225836940386E-11","14.1225836940386","47.8858501814447","False","screened signal falls below threshold"
"moderate_ionic_strength","3","10","0.5","0.01","0.000356739933472524","5E-11","50","10","8.36133875432868","5.97376250554069E-13","0.597376250554069","239.429250907224","False","screened signal falls below threshold"
"moderate_ionic_strength","3","10","1","0.01","0.000356739933472524","5E-11","50","10","16.0514034804785","1.14679329579066E-12","1.14679329579066","239.429250907224","False","screened signal falls below threshold"
"moderate_ionic_strength","3","10","10","0.01","0.000356739933472524","5E-11","50","10","93.1840859531965","6.65754151501279E-12","6.65754151501279","239.429250907224","False","screened signal falls below threshold"
"moderate_ionic_strength","3","10","100","0.01","0.000356739933472524","5E-11","50","10","179.384876805256","1.28161611747342E-11","12.8161611747342","239.429250907224","False","screened signal falls below threshold"
"moderate_ionic_strength","3","10","1000","0.01","0.000356739933472524","5E-11","50","10","197.67057401879","1.41225836940386E-11","14.1225836940386","239.429250907224","False","screened signal falls below threshold"
"moderate_ionic_strength","3","10","0.5","0.03","0.00107021980041757","1E-11","10","10","8.36133875432868","1.79212875166221E-12","1.79212875166221","15.9619500604816","False","screened signal falls below threshold"
"moderate_ionic_strength","3","10","1","0.03","0.00107021980041757","1E-11","10","10","16.0514034804785","3.44037988737197E-12","3.44037988737197","15.9619500604816","False","screened signal falls below threshold"
"moderate_ionic_strength","3","10","10","0.03","0.00107021980041757","1E-11","10","10","93.1840859531965","1.99726245450384E-11","19.9726245450384","15.9619500604816","False","screened signal falls below threshold"
"moderate_ionic_strength","3","10","100","0.03","0.00107021980041757","1E-11","10","10","179.384876805256","3.84484835242025E-11","38.4484835242025","15.9619500604816","True","screened signal remains above threshold"
"moderate_ionic_strength","3","10","1000","0.03","0.00107021980041757","1E-11","10","10","197.67057401879","4.23677510821157E-11","42.3677510821157","15.9619500604816","True","screened signal remains above threshold"
"moderate_ionic_strength","3","10","0.5","0.03","0.00107021980041757","5E-11","50","10","8.36133875432868","1.79212875166221E-12","1.79212875166221","79.8097503024079","False","screened signal falls below threshold"
"moderate_ionic_strength","3","10","1","0.03","0.00107021980041757","5E-11","50","10","16.0514034804785","3.44037988737197E-12","3.44037988737197","79.8097503024079","False","screened signal falls below threshold"
"moderate_ionic_strength","3","10","10","0.03","0.00107021980041757","5E-11","50","10","93.1840859531965","1.99726245450384E-11","19.9726245450384","79.8097503024079","False","screened signal falls below threshold"
"moderate_ionic_strength","3","10","100","0.03","0.00107021980041757","5E-11","50","10","179.384876805256","3.84484835242025E-11","38.4484835242025","79.8097503024079","False","screened signal falls below threshold"
"moderate_ionic_strength","3","10","1000","0.03","0.00107021980041757","5E-11","50","10","197.67057401879","4.23677510821157E-11","42.3677510821157","79.8097503024079","False","screened signal falls below threshold"
"moderate_ionic_strength","3","10","0.5","0.1","0.00356739933472524","1E-11","10","10","8.36133875432868","5.97376250554068E-12","5.97376250554068","4.78858501814447","False","screened signal falls below threshold"
"moderate_ionic_strength","3","10","1","0.1","0.00356739933472524","1E-11","10","10","16.0514034804785","1.14679329579066E-11","11.4679329579066","4.78858501814447","False","screened signal falls below threshold"
"moderate_ionic_strength","3","10","10","0.1","0.00356739933472524","1E-11","10","10","93.1840859531965","6.65754151501279E-11","66.5754151501279","4.78858501814447","True","screened signal remains above threshold"
"moderate_ionic_strength","3","10","100","0.1","0.00356739933472524","1E-11","10","10","179.384876805256","1.28161611747342E-10","128.161611747342","4.78858501814447","True","screened signal remains above threshold"
"moderate_ionic_strength","3","10","1000","0.1","0.00356739933472524","1E-11","10","10","197.67057401879","1.41225836940386E-10","141.225836940386","4.78858501814447","True","screened signal remains above threshold"
"moderate_ionic_strength","3","10","0.5","0.1","0.00356739933472524","5E-11","50","10","8.36133875432868","5.97376250554068E-12","5.97376250554068","23.9429250907224","False","screened signal falls below threshold"
"moderate_ionic_strength","3","10","1","0.1","0.00356739933472524","5E-11","50","10","16.0514034804785","1.14679329579066E-11","11.4679329579066","23.9429250907224","False","screened signal falls below threshold"
"moderate_ionic_strength","3","10","10","0.1","0.00356739933472524","5E-11","50","10","93.1840859531965","6.65754151501279E-11","66.5754151501279","23.9429250907224","False","screened signal falls below threshold"
"moderate_ionic_strength","3","10","100","0.1","0.00356739933472524","5E-11","50","10","179.384876805256","1.28161611747342E-10","128.161611747342","23.9429250907224","False","screened signal falls below threshold"
"moderate_ionic_strength","3","10","1000","0.1","0.00356739933472524","5E-11","50","10","197.67057401879","1.41225836940386E-10","141.225836940386","23.9429250907224","False","screened signal falls below threshold"
"PBS_like_physiological_salt","0.8","1","0.5","0.01","0.0028650479686019","1E-11","10","10","8.36133875432868","4.79764515421926E-12","4.79764515421926","5.96248132499505","False","screened signal falls below threshold"
"PBS_like_physiological_salt","0.8","1","1","0.01","0.0028650479686019","1E-11","10","10","16.0514034804785","9.21012057867741E-12","9.21012057867741","5.96248132499505","False","screened signal falls below threshold"
"PBS_like_physiological_salt","0.8","1","10","0.01","0.0028650479686019","1E-11","10","10","93.1840859531965","5.34680141014808E-11","53.4680141014808","5.96248132499505","True","screened signal remains above threshold"
"PBS_like_physiological_salt","0.8","1","100","0.01","0.0028650479686019","1E-11","10","10","179.384876805256","1.02929089495317E-10","102.929089495317","5.96248132499505","True","screened signal remains above threshold"
"PBS_like_physiological_salt","0.8","1","1000","0.01","0.0028650479686019","1E-11","10","10","197.67057401879","1.13421223495104E-10","113.421223495104","5.96248132499505","True","screened signal remains above threshold"
"PBS_like_physiological_salt","0.8","1","0.5","0.01","0.0028650479686019","5E-11","50","10","8.36133875432868","4.79764515421926E-12","4.79764515421926","29.8124066249753","False","screened signal falls below threshold"
"PBS_like_physiological_salt","0.8","1","1","0.01","0.0028650479686019","5E-11","50","10","16.0514034804785","9.21012057867741E-12","9.21012057867741","29.8124066249753","False","screened signal falls below threshold"
"PBS_like_physiological_salt","0.8","1","10","0.01","0.0028650479686019","5E-11","50","10","93.1840859531965","5.34680141014808E-11","53.4680141014808","29.8124066249753","False","screened signal falls below threshold"
"PBS_like_physiological_salt","0.8","1","100","0.01","0.0028650479686019","5E-11","50","10","179.384876805256","1.02929089495317E-10","102.929089495317","29.8124066249753","False","screened signal falls below threshold"
"PBS_like_physiological_salt","0.8","1","1000","0.01","0.0028650479686019","5E-11","50","10","197.67057401879","1.13421223495104E-10","113.421223495104","29.8124066249753","False","screened signal falls below threshold"
"PBS_like_physiological_salt","0.8","1","0.5","0.03","0.0085951439058057","1E-11","10","10","8.36133875432868","1.43929354626578E-11","14.3929354626578","1.98749377499835","False","screened signal falls below threshold"
"PBS_like_physiological_salt","0.8","1","1","0.03","0.0085951439058057","1E-11","10","10","16.0514034804785","2.76303617360322E-11","27.6303617360322","1.98749377499835","False","screened signal falls below threshold"
"PBS_like_physiological_salt","0.8","1","10","0.03","0.0085951439058057","1E-11","10","10","93.1840859531965","1.60404042304442E-10","160.404042304442","1.98749377499835","True","screened signal remains above threshold"
"PBS_like_physiological_salt","0.8","1","100","0.03","0.0085951439058057","1E-11","10","10","179.384876805256","3.0878726848595E-10","308.78726848595","1.98749377499835","True","screened signal remains above threshold"
"PBS_like_physiological_salt","0.8","1","1000","0.03","0.0085951439058057","1E-11","10","10","197.67057401879","3.40263670485311E-10","340.263670485311","1.98749377499835","True","screened signal remains above threshold"
"PBS_like_physiological_salt","0.8","1","0.5","0.03","0.0085951439058057","5E-11","50","10","8.36133875432868","1.43929354626578E-11","14.3929354626578","9.93746887499175","False","screened signal falls below threshold"
"PBS_like_physiological_salt","0.8","1","1","0.03","0.0085951439058057","5E-11","50","10","16.0514034804785","2.76303617360322E-11","27.6303617360322","9.93746887499175","False","screened signal falls below threshold"
"PBS_like_physiological_salt","0.8","1","10","0.03","0.0085951439058057","5E-11","50","10","93.1840859531965","1.60404042304442E-10","160.404042304442","9.93746887499175","True","screened signal remains above threshold"
"PBS_like_physiological_salt","0.8","1","100","0.03","0.0085951439058057","5E-11","50","10","179.384876805256","3.0878726848595E-10","308.78726848595","9.93746887499175","True","screened signal remains above threshold"
"PBS_like_physiological_salt","0.8","1","1000","0.03","0.0085951439058057","5E-11","50","10","197.67057401879","3.40263670485311E-10","340.263670485311","9.93746887499175","True","screened signal remains above threshold"
"PBS_like_physiological_salt","0.8","1","0.5","0.1","0.028650479686019","1E-11","10","10","8.36133875432868","4.79764515421926E-11","47.9764515421925","0.596248132499505","True","screened signal remains above threshold"
"PBS_like_physiological_salt","0.8","1","1","0.1","0.028650479686019","1E-11","10","10","16.0514034804785","9.21012057867741E-11","92.1012057867741","0.596248132499505","True","screened signal remains above threshold"
"PBS_like_physiological_salt","0.8","1","10","0.1","0.028650479686019","1E-11","10","10","93.1840859531965","5.34680141014808E-10","534.680141014808","0.596248132499505","True","screened signal remains above threshold"
"PBS_like_physiological_salt","0.8","1","100","0.1","0.028650479686019","1E-11","10","10","179.384876805256","1.02929089495317E-09","1029.29089495316","0.596248132499505","True","screened signal remains above threshold"
"PBS_like_physiological_salt","0.8","1","1000","0.1","0.028650479686019","1E-11","10","10","197.67057401879","1.13421223495104E-09","1134.21223495104","0.596248132499505","True","screened signal remains above threshold"
"PBS_like_physiological_salt","0.8","1","0.5","0.1","0.028650479686019","5E-11","50","10","8.36133875432868","4.79764515421926E-11","47.9764515421925","2.98124066249752","False","screened signal falls below threshold"
"PBS_like_physiological_salt","0.8","1","1","0.1","0.028650479686019","5E-11","50","10","16.0514034804785","9.21012057867741E-11","92.1012057867741","2.98124066249752","False","screened signal falls below threshold"
"PBS_like_physiological_salt","0.8","1","10","0.1","0.028650479686019","5E-11","50","10","93.1840859531965","5.34680141014808E-10","534.680141014808","2.98124066249752","True","screened signal remains above threshold"
"PBS_like_physiological_salt","0.8","1","100","0.1","0.028650479686019","5E-11","50","10","179.384876805256","1.02929089495317E-09","1029.29089495316","2.98124066249752","True","screened signal remains above threshold"
"PBS_like_physiological_salt","0.8","1","1000","0.1","0.028650479686019","5E-11","50","10","197.67057401879","1.13421223495104E-09","1134.21223495104","2.98124066249752","True","screened signal remains above threshold"
"PBS_like_physiological_salt","0.8","5","0.5","0.01","1.93045413622771E-05","1E-11","10","10","8.36133875432868","3.23262787695486E-14","0.0323262787695486","884.910689532632","False","screened signal falls below threshold"
"PBS_like_physiological_salt","0.8","5","1","0.01","1.93045413622771E-05","1E-11","10","10","16.0514034804785","6.20573043143148E-14","0.0620573043143148","884.910689532632","False","screened signal falls below threshold"
"PBS_like_physiological_salt","0.8","5","10","0.01","1.93045413622771E-05","1E-11","10","10","93.1840859531965","3.60264645162132E-13","0.360264645162132","884.910689532632","False","screened signal falls below threshold"
"PBS_like_physiological_salt","0.8","5","100","0.01","1.93045413622771E-05","1E-11","10","10","179.384876805256","6.93530749683567E-13","0.693530749683567","884.910689532632","False","screened signal falls below threshold"
"PBS_like_physiological_salt","0.8","5","1000","0.01","1.93045413622771E-05","1E-11","10","10","197.67057401879","7.64226192481435E-13","0.764226192481435","884.910689532632","False","screened signal falls below threshold"
"PBS_like_physiological_salt","0.8","5","0.5","0.01","1.93045413622771E-05","5E-11","50","10","8.36133875432868","3.23262787695486E-14","0.0323262787695486","4424.55344766316","False","screened signal falls below threshold"
"PBS_like_physiological_salt","0.8","5","1","0.01","1.93045413622771E-05","5E-11","50","10","16.0514034804785","6.20573043143148E-14","0.0620573043143148","4424.55344766316","False","screened signal falls below threshold"
"PBS_like_physiological_salt","0.8","5","10","0.01","1.93045413622771E-05","5E-11","50","10","93.1840859531965","3.60264645162132E-13","0.360264645162132","4424.55344766316","False","screened signal falls below threshold"
"PBS_like_physiological_salt","0.8","5","100","0.01","1.93045413622771E-05","5E-11","50","10","179.384876805256","6.93530749683567E-13","0.693530749683567","4424.55344766316","False","screened signal falls below threshold"
"PBS_like_physiological_salt","0.8","5","1000","0.01","1.93045413622771E-05","5E-11","50","10","197.67057401879","7.64226192481435E-13","0.764226192481435","4424.55344766316","False","screened signal falls below threshold"
"PBS_like_physiological_salt","0.8","5","0.5","0.03","5.79136240868313E-05","1E-11","10","10","8.36133875432868","9.69788363086457E-14","0.0969788363086457","294.970229844211","False","screened signal falls below threshold"
"PBS_like_physiological_salt","0.8","5","1","0.03","5.79136240868313E-05","1E-11","10","10","16.0514034804785","1.86171912942944E-13","0.186171912942944","294.970229844211","False","screened signal falls below threshold"
"PBS_like_physiological_salt","0.8","5","10","0.03","5.79136240868313E-05","1E-11","10","10","93.1840859531965","1.0807939354864E-12","1.0807939354864","294.970229844211","False","screened signal falls below threshold"
"PBS_like_physiological_salt","0.8","5","100","0.03","5.79136240868313E-05","1E-11","10","10","179.384876805256","2.0805922490507E-12","2.0805922490507","294.970229844211","False","screened signal falls below threshold"
"PBS_like_physiological_salt","0.8","5","1000","0.03","5.79136240868313E-05","1E-11","10","10","197.67057401879","2.29267857744431E-12","2.29267857744431","294.970229844211","False","screened signal falls below threshold"
"PBS_like_physiological_salt","0.8","5","0.5","0.03","5.79136240868313E-05","5E-11","50","10","8.36133875432868","9.69788363086457E-14","0.0969788363086457","1474.85114922105","False","screened signal falls below threshold"
"PBS_like_physiological_salt","0.8","5","1","0.03","5.79136240868313E-05","5E-11","50","10","16.0514034804785","1.86171912942944E-13","0.186171912942944","1474.85114922105","False","screened signal falls below threshold"
"PBS_like_physiological_salt","0.8","5","10","0.03","5.79136240868313E-05","5E-11","50","10","93.1840859531965","1.0807939354864E-12","1.0807939354864","1474.85114922105","False","screened signal falls below threshold"
"PBS_like_physiological_salt","0.8","5","100","0.03","5.79136240868313E-05","5E-11","50","10","179.384876805256","2.0805922490507E-12","2.0805922490507","1474.85114922105","False","screened signal falls below threshold"
"PBS_like_physiological_salt","0.8","5","1000","0.03","5.79136240868313E-05","5E-11","50","10","197.67057401879","2.29267857744431E-12","2.29267857744431","1474.85114922105","False","screened signal falls below threshold"
"PBS_like_physiological_salt","0.8","5","0.5","0.1","0.000193045413622771","1E-11","10","10","8.36133875432868","3.23262787695486E-13","0.323262787695486","88.4910689532632","False","screened signal falls below threshold"
"PBS_like_physiological_salt","0.8","5","1","0.1","0.000193045413622771","1E-11","10","10","16.0514034804785","6.20573043143148E-13","0.620573043143148","88.4910689532632","False","screened signal falls below threshold"
"PBS_like_physiological_salt","0.8","5","10","0.1","0.000193045413622771","1E-11","10","10","93.1840859531965","3.60264645162132E-12","3.60264645162132","88.4910689532632","False","screened signal falls below threshold"
"PBS_like_physiological_salt","0.8","5","100","0.1","0.000193045413622771","1E-11","10","10","179.384876805256","6.93530749683567E-12","6.93530749683567","88.4910689532632","False","screened signal falls below threshold"
"PBS_like_physiological_salt","0.8","5","1000","0.1","0.000193045413622771","1E-11","10","10","197.67057401879","7.64226192481435E-12","7.64226192481435","88.4910689532632","False","screened signal falls below threshold"
"PBS_like_physiological_salt","0.8","5","0.5","0.1","0.000193045413622771","5E-11","50","10","8.36133875432868","3.23262787695486E-13","0.323262787695486","442.455344766316","False","screened signal falls below threshold"
"PBS_like_physiological_salt","0.8","5","1","0.1","0.000193045413622771","5E-11","50","10","16.0514034804785","6.20573043143148E-13","0.620573043143148","442.455344766316","False","screened signal falls below threshold"
"PBS_like_physiological_salt","0.8","5","10","0.1","0.000193045413622771","5E-11","50","10","93.1840859531965","3.60264645162132E-12","3.60264645162132","442.455344766316","False","screened signal falls below threshold"
"PBS_like_physiological_salt","0.8","5","100","0.1","0.000193045413622771","5E-11","50","10","179.384876805256","6.93530749683567E-12","6.93530749683567","442.455344766316","False","screened signal falls below threshold"
"PBS_like_physiological_salt","0.8","5","1000","0.1","0.000193045413622771","5E-11","50","10","197.67057401879","7.64226192481435E-12","7.64226192481435","442.455344766316","False","screened signal falls below threshold"
"PBS_like_physiological_salt","0.8","10","0.5","0.01","3.72665317207867E-08","1E-11","10","10","8.36133875432868","6.2404398559525E-17","6.2404398559525E-05","458395.085864009","False","screened signal falls below threshold"
"PBS_like_physiological_salt","0.8","10","1","0.01","3.72665317207867E-08","1E-11","10","10","16.0514034804785","1.19798779796711E-16","0.000119798779796711","458395.085864009","False","screened signal falls below threshold"
"PBS_like_physiological_salt","0.8","10","10","0.01","3.72665317207867E-08","1E-11","10","10","93.1840859531965","6.95474374389845E-16","0.000695474374389845","458395.085864009","False","screened signal falls below threshold"
"PBS_like_physiological_salt","0.8","10","100","0.01","3.72665317207867E-08","1E-11","10","10","179.384876805256","1.33882930432775E-15","0.00133882930432775","458395.085864009","False","screened signal falls below threshold"
"PBS_like_physiological_salt","0.8","10","1000","0.01","3.72665317207867E-08","1E-11","10","10","197.67057401879","1.47530361428934E-15","0.00147530361428934","458395.085864009","False","screened signal falls below threshold"
"PBS_like_physiological_salt","0.8","10","0.5","0.01","3.72665317207867E-08","5E-11","50","10","8.36133875432868","6.2404398559525E-17","6.2404398559525E-05","2291975.42932005","False","screened signal falls below threshold"
"PBS_like_physiological_salt","0.8","10","1","0.01","3.72665317207867E-08","5E-11","50","10","16.0514034804785","1.19798779796711E-16","0.000119798779796711","2291975.42932005","False","screened signal falls below threshold"
"PBS_like_physiological_salt","0.8","10","10","0.01","3.72665317207867E-08","5E-11","50","10","93.1840859531965","6.95474374389845E-16","0.000695474374389845","2291975.42932005","False","screened signal falls below threshold"
"PBS_like_physiological_salt","0.8","10","100","0.01","3.72665317207867E-08","5E-11","50","10","179.384876805256","1.33882930432775E-15","0.00133882930432775","2291975.42932005","False","screened signal falls below threshold"
"PBS_like_physiological_salt","0.8","10","1000","0.01","3.72665317207867E-08","5E-11","50","10","197.67057401879","1.47530361428934E-15","0.00147530361428934","2291975.42932005","False","screened signal falls below threshold"
"PBS_like_physiological_salt","0.8","10","0.5","0.03","1.1179959516236E-07","1E-11","10","10","8.36133875432868","1.87213195678575E-16","0.000187213195678575","152798.36195467","False","screened signal falls below threshold"
"PBS_like_physiological_salt","0.8","10","1","0.03","1.1179959516236E-07","1E-11","10","10","16.0514034804785","3.59396339390132E-16","0.000359396339390132","152798.36195467","False","screened signal falls below threshold"
"PBS_like_physiological_salt","0.8","10","10","0.03","1.1179959516236E-07","1E-11","10","10","93.1840859531965","2.08642312316954E-15","0.00208642312316954","152798.36195467","False","screened signal falls below threshold"
"PBS_like_physiological_salt","0.8","10","100","0.03","1.1179959516236E-07","1E-11","10","10","179.384876805256","4.01648791298324E-15","0.00401648791298324","152798.36195467","False","screened signal falls below threshold"
"PBS_like_physiological_salt","0.8","10","1000","0.03","1.1179959516236E-07","1E-11","10","10","197.67057401879","4.42591084286802E-15","0.00442591084286802","152798.36195467","False","screened signal falls below threshold"
"PBS_like_physiological_salt","0.8","10","0.5","0.03","1.1179959516236E-07","5E-11","50","10","8.36133875432868","1.87213195678575E-16","0.000187213195678575","763991.809773348","False","screened signal falls below threshold"
"PBS_like_physiological_salt","0.8","10","1","0.03","1.1179959516236E-07","5E-11","50","10","16.0514034804785","3.59396339390132E-16","0.000359396339390132","763991.809773348","False","screened signal falls below threshold"
"PBS_like_physiological_salt","0.8","10","10","0.03","1.1179959516236E-07","5E-11","50","10","93.1840859531965","2.08642312316954E-15","0.00208642312316954","763991.809773348","False","screened signal falls below threshold"
"PBS_like_physiological_salt","0.8","10","100","0.03","1.1179959516236E-07","5E-11","50","10","179.384876805256","4.01648791298324E-15","0.00401648791298324","763991.809773348","False","screened signal falls below threshold"
"PBS_like_physiological_salt","0.8","10","1000","0.03","1.1179959516236E-07","5E-11","50","10","197.67057401879","4.42591084286802E-15","0.00442591084286802","763991.809773348","False","screened signal falls below threshold"
"PBS_like_physiological_salt","0.8","10","0.5","0.1","3.72665317207867E-07","1E-11","10","10","8.36133875432868","6.2404398559525E-16","0.00062404398559525","45839.5085864009","False","screened signal falls below threshold"
"PBS_like_physiological_salt","0.8","10","1","0.1","3.72665317207867E-07","1E-11","10","10","16.0514034804785","1.19798779796711E-15","0.00119798779796711","45839.5085864009","False","screened signal falls below threshold"
"PBS_like_physiological_salt","0.8","10","10","0.1","3.72665317207867E-07","1E-11","10","10","93.1840859531965","6.95474374389845E-15","0.00695474374389845","45839.5085864009","False","screened signal falls below threshold"
"PBS_like_physiological_salt","0.8","10","100","0.1","3.72665317207867E-07","1E-11","10","10","179.384876805256","1.33882930432775E-14","0.0133882930432775","45839.5085864009","False","screened signal falls below threshold"
"PBS_like_physiological_salt","0.8","10","1000","0.1","3.72665317207867E-07","1E-11","10","10","197.67057401879","1.47530361428934E-14","0.0147530361428934","45839.5085864009","False","screened signal falls below threshold"
"PBS_like_physiological_salt","0.8","10","0.5","0.1","3.72665317207867E-07","5E-11","50","10","8.36133875432868","6.2404398559525E-16","0.00062404398559525","229197.542932005","False","screened signal falls below threshold"
"PBS_like_physiological_salt","0.8","10","1","0.1","3.72665317207867E-07","5E-11","50","10","16.0514034804785","1.19798779796711E-15","0.00119798779796711","229197.542932005","False","screened signal falls below threshold"
"PBS_like_physiological_salt","0.8","10","10","0.1","3.72665317207867E-07","5E-11","50","10","93.1840859531965","6.95474374389845E-15","0.00695474374389845","229197.542932005","False","screened signal falls below threshold"
"PBS_like_physiological_salt","0.8","10","100","0.1","3.72665317207867E-07","5E-11","50","10","179.384876805256","1.33882930432775E-14","0.0133882930432775","229197.542932005","False","screened signal falls below threshold"
"PBS_like_physiological_salt","0.8","10","1000","0.1","3.72665317207867E-07","5E-11","50","10","197.67057401879","1.47530361428934E-14","0.0147530361428934","229197.542932005","False","screened signal falls below threshold"
