concentration_pM,Kd_pM,alpha0,noise_floor_pA,lambda_D_nm,maximum_allowed_distance_nm
0.5,1.0,0.01,1.0,0.8,2.9621115032076126
0.5,1.0,0.01,1.0,3.0,11.107918137028548
0.5,1.0,0.01,1.0,9.6,35.54533803849135
0.5,1.0,0.01,5.0,0.8,1.6745611732603323
0.5,1.0,0.01,5.0,3.0,6.279604399726246
0.5,1.0,0.01,5.0,9.6,20.094734079123985
0.5,1.0,0.01,10.0,0.8,1.1200434288123762
0.5,1.0,0.01,10.0,3.0,4.2001628580464105
0.5,1.0,0.01,10.0,9.6,13.440521145748512
0.5,1.0,0.01,50.0,0.8,0.0
0.5,1.0,0.01,50.0,3.0,0.0
0.5,1.0,0.01,50.0,9.6,0.0
0.5,1.0,0.01,100.0,0.8,0.0
0.5,1.0,0.01,100.0,3.0,0.0
0.5,1.0,0.01,100.0,9.6,0.0
0.5,1.0,0.03,1.0,0.8,3.841001334142101
0.5,1.0,0.03,1.0,3.0,14.403755003032877
0.5,1.0,0.03,1.0,9.6,46.092016009705205
0.5,1.0,0.03,5.0,0.8,2.5534510041948204
0.5,1.0,0.03,5.0,3.0,9.575441265730575
0.5,1.0,0.03,5.0,9.6,30.64141205033784
0.5,1.0,0.03,10.0,0.8,1.998933259746864
0.5,1.0,0.03,10.0,3.0,7.49599972405074
0.5,1.0,0.03,10.0,9.6,23.987199116962366
0.5,1.0,0.03,50.0,0.8,0.7113829297995835
0.5,1.0,0.03,50.0,3.0,2.667685986748438
0.5,1.0,0.03,50.0,9.6,8.536595157595002
0.5,1.0,0.03,100.0,0.8,0.15686518535162725
0.5,1.0,0.03,100.0,3.0,0.5882444450686022
0.5,1.0,0.03,100.0,9.6,1.8823822242195267
0.5,1.0,0.1,1.0,0.8,4.8041795776028495
0.5,1.0,0.1,1.0,3.0,18.015673416010685
0.5,1.0,0.1,1.0,9.6,57.65015493123419
0.5,1.0,0.1,5.0,0.8,3.516629247655569
0.5,1.0,0.1,5.0,3.0,13.187359678708383
0.5,1.0,0.1,5.0,9.6,42.19955097186683
0.5,1.0,0.1,10.0,0.8,2.9621115032076126
0.5,1.0,0.1,10.0,3.0,11.107918137028548
0.5,1.0,0.1,10.0,9.6,35.54533803849135
0.5,1.0,0.1,50.0,0.8,1.6745611732603327
0.5,1.0,0.1,50.0,3.0,6.279604399726248
0.5,1.0,0.1,50.0,9.6,20.09473407912399
0.5,1.0,0.1,100.0,0.8,1.1200434288123764
0.5,1.0,0.1,100.0,3.0,4.200162858046411
0.5,1.0,0.1,100.0,9.6,13.440521145748514
0.5,10.0,0.01,1.0,0.8,1.3756103327957532
0.5,10.0,0.01,1.0,3.0,5.158538747984074
0.5,10.0,0.01,1.0,9.6,16.507323993549036
0.5,10.0,0.01,5.0,0.8,0.08806000284847278
0.5,10.0,0.01,5.0,3.0,0.3302250106817729
0.5,10.0,0.01,5.0,9.6,1.0567200341816732
0.5,10.0,0.01,10.0,0.8,0.0
0.5,10.0,0.01,10.0,3.0,0.0
0.5,10.0,0.01,10.0,9.6,0.0
0.5,10.0,0.01,50.0,0.8,0.0
0.5,10.0,0.01,50.0,3.0,0.0
0.5,10.0,0.01,50.0,9.6,0.0
0.5,10.0,0.01,100.0,0.8,0.0
0.5,10.0,0.01,100.0,3.0,0.0
0.5,10.0,0.01,100.0,9.6,0.0
0.5,10.0,0.03,1.0,0.8,2.2545001637302406
0.5,10.0,0.03,1.0,3.0,8.454375613988402
0.5,10.0,0.03,1.0,9.6,27.054001964762886
0.5,10.0,0.03,5.0,0.8,0.9669498337829605
0.5,10.0,0.03,5.0,3.0,3.626061876686102
0.5,10.0,0.03,5.0,9.6,11.603398005395526
0.5,10.0,0.03,10.0,0.8,0.4124320893350042
0.5,10.0,0.03,10.0,3.0,1.5466203350062657
0.5,10.0,0.03,10.0,9.6,4.94918507202005
0.5,10.0,0.03,50.0,0.8,0.0
0.5,10.0,0.03,50.0,3.0,0.0
0.5,10.0,0.03,50.0,9.6,0.0
0.5,10.0,0.03,100.0,0.8,0.0
0.5,10.0,0.03,100.0,3.0,0.0
0.5,10.0,0.03,100.0,9.6,0.0
0.5,10.0,0.1,1.0,0.8,3.2176784071909896
0.5,10.0,0.1,1.0,3.0,12.06629402696621
0.5,10.0,0.1,1.0,9.6,38.61214088629187
0.5,10.0,0.1,5.0,0.8,1.9301280772437093
0.5,10.0,0.1,5.0,3.0,7.237980289663909
0.5,10.0,0.1,5.0,9.6,23.16153692692451
0.5,10.0,0.1,10.0,0.8,1.3756103327957532
0.5,10.0,0.1,10.0,3.0,5.158538747984074
0.5,10.0,0.1,10.0,9.6,16.507323993549036
0.5,10.0,0.1,50.0,0.8,0.08806000284847278
0.5,10.0,0.1,50.0,3.0,0.3302250106817729
0.5,10.0,0.1,50.0,9.6,1.0567200341816732
0.5,10.0,0.1,100.0,0.8,0.0
0.5,10.0,0.1,100.0,3.0,0.0
0.5,10.0,0.1,100.0,9.6,0.0
0.5,100.0,0.01,1.0,0.8,0.0
0.5,100.0,0.01,1.0,3.0,0.0
0.5,100.0,0.01,1.0,9.6,0.0
0.5,100.0,0.01,5.0,0.8,0.0
0.5,100.0,0.01,5.0,3.0,0.0
0.5,100.0,0.01,5.0,9.6,0.0
0.5,100.0,0.01,10.0,0.8,0.0
0.5,100.0,0.01,10.0,3.0,0.0
0.5,100.0,0.01,10.0,9.6,0.0
0.5,100.0,0.01,50.0,0.8,0.0
0.5,100.0,0.01,50.0,3.0,0.0
0.5,100.0,0.01,50.0,9.6,0.0
0.5,100.0,0.01,100.0,0.8,0.0
0.5,100.0,0.01,100.0,3.0,0.0
0.5,100.0,0.01,100.0,9.6,0.0
0.5,100.0,0.03,1.0,0.8,0.44312397115119445
0.5,100.0,0.03,1.0,3.0,1.661714891816979
0.5,100.0,0.03,1.0,9.6,5.317487653814333
0.5,100.0,0.03,5.0,0.8,0.0
0.5,100.0,0.03,5.0,3.0,0.0
0.5,100.0,0.03,5.0,9.6,0.0
0.5,100.0,0.03,10.0,0.8,0.0
0.5,100.0,0.03,10.0,3.0,0.0
0.5,100.0,0.03,10.0,9.6,0.0
0.5,100.0,0.03,50.0,0.8,0.0
0.5,100.0,0.03,50.0,3.0,0.0
0.5,100.0,0.03,50.0,9.6,0.0
0.5,100.0,0.03,100.0,0.8,0.0
0.5,100.0,0.03,100.0,3.0,0.0
0.5,100.0,0.03,100.0,9.6,0.0
0.5,100.0,0.1,1.0,0.8,1.4063022146119435
0.5,100.0,0.1,1.0,3.0,5.273633304794787
0.5,100.0,0.1,1.0,9.6,16.87562657534332
0.5,100.0,0.1,5.0,0.8,0.11875188466466298
0.5,100.0,0.1,5.0,3.0,0.44531956749248613
0.5,100.0,0.1,5.0,9.6,1.4250226159759556
0.5,100.0,0.1,10.0,0.8,0.0
0.5,100.0,0.1,10.0,3.0,0.0
0.5,100.0,0.1,10.0,9.6,0.0
0.5,100.0,0.1,50.0,0.8,0.0
0.5,100.0,0.1,50.0,3.0,0.0
0.5,100.0,0.1,50.0,9.6,0.0
0.5,100.0,0.1,100.0,0.8,0.0
0.5,100.0,0.1,100.0,3.0,0.0
0.5,100.0,0.1,100.0,9.6,0.0
1.0,1.0,0.01,1.0,0.8,3.3043770553423286
1.0,1.0,0.01,1.0,3.0,12.391413957533732
1.0,1.0,0.01,1.0,9.6,39.65252466410794
1.0,1.0,0.01,5.0,0.8,2.0168267253950485
1.0,1.0,0.01,5.0,3.0,7.563100220231432
1.0,1.0,0.01,5.0,9.6,24.201920704740584
1.0,1.0,0.01,10.0,0.8,1.4623089809470924
1.0,1.0,0.01,10.0,3.0,5.4836586785515955
1.0,1.0,0.01,10.0,9.6,17.547707771365108
1.0,1.0,0.01,50.0,0.8,0.1747586509998118
1.0,1.0,0.01,50.0,3.0,0.6553449412492942
1.0,1.0,0.01,50.0,9.6,2.0971038119977417
1.0,1.0,0.01,100.0,0.8,0.0
1.0,1.0,0.01,100.0,3.0,0.0
1.0,1.0,0.01,100.0,9.6,0.0
1.0,1.0,0.03,1.0,0.8,4.183266886276817
1.0,1.0,0.03,1.0,3.0,15.687250823538061
1.0,1.0,0.03,1.0,9.6,50.1992026353218
1.0,1.0,0.03,5.0,0.8,2.895716556329536
1.0,1.0,0.03,5.0,3.0,10.858937086235759
1.0,1.0,0.03,5.0,9.6,34.748598675954426
1.0,1.0,0.03,10.0,0.8,2.34119881188158
1.0,1.0,0.03,10.0,3.0,8.779495544555925
1.0,1.0,0.03,10.0,9.6,28.094385742578957
1.0,1.0,0.03,50.0,0.8,1.0536484819342995
1.0,1.0,0.03,50.0,3.0,3.951181807253623
1.0,1.0,0.03,50.0,9.6,12.643781783211594
1.0,1.0,0.03,100.0,0.8,0.4991307374863433
1.0,1.0,0.03,100.0,3.0,1.8717402655737874
1.0,1.0,0.03,100.0,9.6,5.989568849836119
1.0,1.0,0.1,1.0,0.8,5.1464451297375655
1.0,1.0,0.1,1.0,3.0,19.29916923651587
1.0,1.0,0.1,1.0,9.6,61.75734155685078
1.0,1.0,0.1,5.0,0.8,3.858894799790285
1.0,1.0,0.1,5.0,3.0,14.470855499213569
1.0,1.0,0.1,5.0,9.6,46.30673759748342
1.0,1.0,0.1,10.0,0.8,3.3043770553423286
1.0,1.0,0.1,10.0,3.0,12.391413957533732
1.0,1.0,0.1,10.0,9.6,39.65252466410794
1.0,1.0,0.1,50.0,0.8,2.0168267253950485
1.0,1.0,0.1,50.0,3.0,7.563100220231432
1.0,1.0,0.1,50.0,9.6,24.201920704740584
1.0,1.0,0.1,100.0,0.8,1.4623089809470924
1.0,1.0,0.1,100.0,3.0,5.4836586785515955
1.0,1.0,0.1,100.0,9.6,17.547707771365108
1.0,10.0,0.01,1.0,0.8,1.897352522928631
1.0,10.0,0.01,1.0,3.0,7.115071960982366
1.0,10.0,0.01,1.0,9.6,22.76823027514357
1.0,10.0,0.01,5.0,0.8,0.6098021929813509
1.0,10.0,0.01,5.0,3.0,2.2867582236800654
1.0,10.0,0.01,5.0,9.6,7.317626315776209
1.0,10.0,0.01,10.0,0.8,0.05528444853339453
1.0,10.0,0.01,10.0,3.0,0.20731668200022946
1.0,10.0,0.01,10.0,9.6,0.6634133824007343
1.0,10.0,0.01,50.0,0.8,0.0
1.0,10.0,0.01,50.0,3.0,0.0
1.0,10.0,0.01,50.0,9.6,0.0
1.0,10.0,0.01,100.0,0.8,0.0
1.0,10.0,0.01,100.0,3.0,0.0
1.0,10.0,0.01,100.0,9.6,0.0
1.0,10.0,0.03,1.0,0.8,2.7762423538631187
1.0,10.0,0.03,1.0,3.0,10.410908826986695
1.0,10.0,0.03,1.0,9.6,33.31490824635742
1.0,10.0,0.03,5.0,0.8,1.4886920239158383
1.0,10.0,0.03,5.0,3.0,5.582595089684393
1.0,10.0,0.03,5.0,9.6,17.86430428699006
1.0,10.0,0.03,10.0,0.8,0.9341742794678821
1.0,10.0,0.03,10.0,3.0,3.5031535480045575
1.0,10.0,0.03,10.0,9.6,11.210091353614585
1.0,10.0,0.03,50.0,0.8,0.0
1.0,10.0,0.03,50.0,3.0,0.0
1.0,10.0,0.03,50.0,9.6,0.0
1.0,10.0,0.03,100.0,0.8,0.0
1.0,10.0,0.03,100.0,3.0,0.0
1.0,10.0,0.03,100.0,9.6,0.0
1.0,10.0,0.1,1.0,0.8,3.7394205973238677
1.0,10.0,0.1,1.0,3.0,14.022827239964503
1.0,10.0,0.1,1.0,9.6,44.87304716788641
1.0,10.0,0.1,5.0,0.8,2.4518702673765875
1.0,10.0,0.1,5.0,3.0,9.194513502662202
1.0,10.0,0.1,5.0,9.6,29.422443208519045
1.0,10.0,0.1,10.0,0.8,1.897352522928631
1.0,10.0,0.1,10.0,3.0,7.115071960982366
1.0,10.0,0.1,10.0,9.6,22.76823027514357
1.0,10.0,0.1,50.0,0.8,0.6098021929813506
1.0,10.0,0.1,50.0,3.0,2.286758223680065
1.0,10.0,0.1,50.0,9.6,7.317626315776208
1.0,10.0,0.1,100.0,0.8,0.05528444853339436
1.0,10.0,0.1,100.0,3.0,0.20731668200022885
1.0,10.0,0.1,100.0,9.6,0.6634133824007323
1.0,100.0,0.01,1.0,0.8,0.1152829466841524
1.0,100.0,0.01,1.0,3.0,0.43231105006557147
1.0,100.0,0.01,1.0,9.6,1.3833953602098288
1.0,100.0,0.01,5.0,0.8,0.0
1.0,100.0,0.01,5.0,3.0,0.0
1.0,100.0,0.01,5.0,9.6,0.0
1.0,100.0,0.01,10.0,0.8,0.0
1.0,100.0,0.01,10.0,3.0,0.0
1.0,100.0,0.01,10.0,9.6,0.0
1.0,100.0,0.01,50.0,0.8,0.0
1.0,100.0,0.01,50.0,3.0,0.0
1.0,100.0,0.01,50.0,9.6,0.0
1.0,100.0,0.01,100.0,0.8,0.0
1.0,100.0,0.01,100.0,3.0,0.0
1.0,100.0,0.01,100.0,9.6,0.0
1.0,100.0,0.03,1.0,0.8,0.9941727776186401
1.0,100.0,0.03,1.0,3.0,3.7281479160699003
1.0,100.0,0.03,1.0,9.6,11.93007333142368
1.0,100.0,0.03,5.0,0.8,0.0
1.0,100.0,0.03,5.0,3.0,0.0
1.0,100.0,0.03,5.0,9.6,0.0
1.0,100.0,0.03,10.0,0.8,0.0
1.0,100.0,0.03,10.0,3.0,0.0
1.0,100.0,0.03,10.0,9.6,0.0
1.0,100.0,0.03,50.0,0.8,0.0
1.0,100.0,0.03,50.0,3.0,0.0
1.0,100.0,0.03,50.0,9.6,0.0
1.0,100.0,0.03,100.0,0.8,0.0
1.0,100.0,0.03,100.0,3.0,0.0
1.0,100.0,0.03,100.0,9.6,0.0
1.0,100.0,0.1,1.0,0.8,1.957351021079389
1.0,100.0,0.1,1.0,3.0,7.340066329047708
1.0,100.0,0.1,1.0,9.6,23.488212252952664
1.0,100.0,0.1,5.0,0.8,0.6698006911321087
1.0,100.0,0.1,5.0,3.0,2.5117525917454073
1.0,100.0,0.1,5.0,9.6,8.037608293585304
1.0,100.0,0.1,10.0,0.8,0.1152829466841524
1.0,100.0,0.1,10.0,3.0,0.43231105006557147
1.0,100.0,0.1,10.0,9.6,1.3833953602098288
1.0,100.0,0.1,50.0,0.8,0.0
1.0,100.0,0.1,50.0,3.0,0.0
1.0,100.0,0.1,50.0,9.6,0.0
1.0,100.0,0.1,100.0,0.8,0.0
1.0,100.0,0.1,100.0,3.0,0.0
1.0,100.0,0.1,100.0,9.6,0.0
10.0,1.0,0.01,1.0,0.8,3.828342408774549
10.0,1.0,0.01,1.0,3.0,14.356284032904558
10.0,1.0,0.01,1.0,9.6,45.940108905294586
10.0,1.0,0.01,5.0,0.8,2.5407920788272684
10.0,1.0,0.01,5.0,3.0,9.527970295602255
10.0,1.0,0.01,5.0,9.6,30.48950494592722
10.0,1.0,0.01,10.0,0.8,1.9862743343793121
10.0,1.0,0.01,10.0,3.0,7.44852875392242
10.0,1.0,0.01,10.0,9.6,23.835292012551744
10.0,1.0,0.01,50.0,0.8,0.6987240044320319
10.0,1.0,0.01,50.0,3.0,2.6202150166201195
10.0,1.0,0.01,50.0,9.6,8.384688053184382
10.0,1.0,0.01,100.0,0.8,0.14420625998407555
10.0,1.0,0.01,100.0,3.0,0.5407734749402833
10.0,1.0,0.01,100.0,9.6,1.7304751198089066
10.0,1.0,0.03,1.0,0.8,4.707232239709036
10.0,1.0,0.03,1.0,3.0,17.652120898908883
10.0,1.0,0.03,1.0,9.6,56.48678687650843
10.0,1.0,0.03,5.0,0.8,3.4196819097617563
10.0,1.0,0.03,5.0,3.0,12.823807161606586
10.0,1.0,0.03,5.0,9.6,41.036182917141076
10.0,1.0,0.03,10.0,0.8,2.8651641653138
10.0,1.0,0.03,10.0,3.0,10.74436561992675
10.0,1.0,0.03,10.0,9.6,34.3819699837656
10.0,1.0,0.03,50.0,0.8,1.5776138353665197
10.0,1.0,0.03,50.0,3.0,5.916051882624449
10.0,1.0,0.03,50.0,9.6,18.931366024398233
10.0,1.0,0.03,100.0,0.8,1.0230960909185634
10.0,1.0,0.03,100.0,3.0,3.8366103409446124
10.0,1.0,0.03,100.0,9.6,12.27715309102276
10.0,1.0,0.1,1.0,0.8,5.6704104831697855
10.0,1.0,0.1,1.0,3.0,21.264039311886695
10.0,1.0,0.1,1.0,9.6,68.04492579803743
10.0,1.0,0.1,5.0,0.8,4.382860153222505
10.0,1.0,0.1,5.0,3.0,16.435725574584396
10.0,1.0,0.1,5.0,9.6,52.59432183867006
10.0,1.0,0.1,10.0,0.8,3.828342408774549
10.0,1.0,0.1,10.0,3.0,14.356284032904558
10.0,1.0,0.1,10.0,9.6,45.940108905294586
10.0,1.0,0.1,50.0,0.8,2.5407920788272684
10.0,1.0,0.1,50.0,3.0,9.527970295602255
10.0,1.0,0.1,50.0,9.6,30.48950494592722
10.0,1.0,0.1,100.0,0.8,1.9862743343793126
10.0,1.0,0.1,100.0,3.0,7.448528753922421
10.0,1.0,0.1,100.0,9.6,23.835292012551747
10.0,10.0,0.01,1.0,0.8,3.3043770553423295
10.0,10.0,0.01,1.0,3.0,12.391413957533736
10.0,10.0,0.01,1.0,9.6,39.65252466410795
10.0,10.0,0.01,5.0,0.8,2.016826725395049
10.0,10.0,0.01,5.0,3.0,7.5631002202314335
10.0,10.0,0.01,5.0,9.6,24.201920704740587
10.0,10.0,0.01,10.0,0.8,1.4623089809470926
10.0,10.0,0.01,10.0,3.0,5.483658678551597
10.0,10.0,0.01,10.0,9.6,17.54770777136511
10.0,10.0,0.01,50.0,0.8,0.17475865099981225
10.0,10.0,0.01,50.0,3.0,0.6553449412492959
10.0,10.0,0.01,50.0,9.6,2.0971038119977465
10.0,10.0,0.01,100.0,0.8,0.0
10.0,10.0,0.01,100.0,3.0,0.0
10.0,10.0,0.01,100.0,9.6,0.0
10.0,10.0,0.03,1.0,0.8,4.183266886276817
10.0,10.0,0.03,1.0,3.0,15.687250823538061
10.0,10.0,0.03,1.0,9.6,50.1992026353218
10.0,10.0,0.03,5.0,0.8,2.8957165563295364
10.0,10.0,0.03,5.0,3.0,10.85893708623576
10.0,10.0,0.03,5.0,9.6,34.74859867595443
10.0,10.0,0.03,10.0,0.8,2.3411988118815805
10.0,10.0,0.03,10.0,3.0,8.779495544555926
10.0,10.0,0.03,10.0,9.6,28.09438574257896
10.0,10.0,0.03,50.0,0.8,1.0536484819343
10.0,10.0,0.03,50.0,3.0,3.9511818072536244
10.0,10.0,0.03,50.0,9.6,12.643781783211598
10.0,10.0,0.03,100.0,0.8,0.49913073748634357
10.0,10.0,0.03,100.0,3.0,1.8717402655737883
10.0,10.0,0.03,100.0,9.6,5.989568849836123
10.0,10.0,0.1,1.0,0.8,5.1464451297375655
10.0,10.0,0.1,1.0,3.0,19.29916923651587
10.0,10.0,0.1,1.0,9.6,61.75734155685078
10.0,10.0,0.1,5.0,0.8,3.858894799790285
10.0,10.0,0.1,5.0,3.0,14.470855499213569
10.0,10.0,0.1,5.0,9.6,46.30673759748342
10.0,10.0,0.1,10.0,0.8,3.3043770553423295
10.0,10.0,0.1,10.0,3.0,12.391413957533736
10.0,10.0,0.1,10.0,9.6,39.65252466410795
10.0,10.0,0.1,50.0,0.8,2.0168267253950485
10.0,10.0,0.1,50.0,3.0,7.563100220231432
10.0,10.0,0.1,50.0,9.6,24.201920704740584
10.0,10.0,0.1,100.0,0.8,1.4623089809470926
10.0,10.0,0.1,100.0,3.0,5.483658678551596
10.0,10.0,0.1,100.0,9.6,17.547707771365108
10.0,100.0,0.01,1.0,0.8,1.897352522928631
10.0,100.0,0.01,1.0,3.0,7.115071960982366
10.0,100.0,0.01,1.0,9.6,22.76823027514357
10.0,100.0,0.01,5.0,0.8,0.6098021929813509
10.0,100.0,0.01,5.0,3.0,2.2867582236800654
10.0,100.0,0.01,5.0,9.6,7.317626315776209
10.0,100.0,0.01,10.0,0.8,0.05528444853339453
10.0,100.0,0.01,10.0,3.0,0.20731668200022946
10.0,100.0,0.01,10.0,9.6,0.6634133824007343
10.0,100.0,0.01,50.0,0.8,0.0
10.0,100.0,0.01,50.0,3.0,0.0
10.0,100.0,0.01,50.0,9.6,0.0
10.0,100.0,0.01,100.0,0.8,0.0
10.0,100.0,0.01,100.0,3.0,0.0
10.0,100.0,0.01,100.0,9.6,0.0
10.0,100.0,0.03,1.0,0.8,2.7762423538631187
10.0,100.0,0.03,1.0,3.0,10.410908826986695
10.0,100.0,0.03,1.0,9.6,33.31490824635742
10.0,100.0,0.03,5.0,0.8,1.4886920239158383
10.0,100.0,0.03,5.0,3.0,5.582595089684393
10.0,100.0,0.03,5.0,9.6,17.86430428699006
10.0,100.0,0.03,10.0,0.8,0.9341742794678821
10.0,100.0,0.03,10.0,3.0,3.5031535480045575
10.0,100.0,0.03,10.0,9.6,11.210091353614585
10.0,100.0,0.03,50.0,0.8,0.0
10.0,100.0,0.03,50.0,3.0,0.0
10.0,100.0,0.03,50.0,9.6,0.0
10.0,100.0,0.03,100.0,0.8,0.0
10.0,100.0,0.03,100.0,3.0,0.0
10.0,100.0,0.03,100.0,9.6,0.0
10.0,100.0,0.1,1.0,0.8,3.7394205973238677
10.0,100.0,0.1,1.0,3.0,14.022827239964503
10.0,100.0,0.1,1.0,9.6,44.87304716788641
10.0,100.0,0.1,5.0,0.8,2.4518702673765875
10.0,100.0,0.1,5.0,3.0,9.194513502662202
10.0,100.0,0.1,5.0,9.6,29.422443208519045
10.0,100.0,0.1,10.0,0.8,1.897352522928631
10.0,100.0,0.1,10.0,3.0,7.115071960982366
10.0,100.0,0.1,10.0,9.6,22.76823027514357
10.0,100.0,0.1,50.0,0.8,0.6098021929813506
10.0,100.0,0.1,50.0,3.0,2.286758223680065
10.0,100.0,0.1,50.0,9.6,7.317626315776208
10.0,100.0,0.1,100.0,0.8,0.05528444853339436
10.0,100.0,0.1,100.0,3.0,0.20731668200022885
10.0,100.0,0.1,100.0,9.6,0.6634133824007323
100.0,1.0,0.01,1.0,0.8,3.9059969929244107
100.0,1.0,0.01,1.0,3.0,14.64748872346654
100.0,1.0,0.01,1.0,9.6,46.87196391509293
100.0,1.0,0.01,5.0,0.8,2.61844666297713
100.0,1.0,0.01,5.0,3.0,9.819174986164239
100.0,1.0,0.01,5.0,9.6,31.42135995572556
100.0,1.0,0.01,10.0,0.8,2.063928918529174
100.0,1.0,0.01,10.0,3.0,7.7397334444844015
100.0,1.0,0.01,10.0,9.6,24.767147022350084
100.0,1.0,0.01,50.0,0.8,0.7763785885818935
100.0,1.0,0.01,50.0,3.0,2.9114197071821004
100.0,1.0,0.01,50.0,9.6,9.31654306298272
100.0,1.0,0.01,100.0,0.8,0.2218608441339372
100.0,1.0,0.01,100.0,3.0,0.8319781655022644
100.0,1.0,0.01,100.0,9.6,2.662330129607246
100.0,1.0,0.03,1.0,0.8,4.784886823858898
100.0,1.0,0.03,1.0,3.0,17.943325589470867
100.0,1.0,0.03,1.0,9.6,57.41864188630677
100.0,1.0,0.03,5.0,0.8,3.4973364939116176
100.0,1.0,0.03,5.0,3.0,13.115011852168564
100.0,1.0,0.03,5.0,9.6,41.96803792693941
100.0,1.0,0.03,10.0,0.8,2.9428187494636617
100.0,1.0,0.03,10.0,3.0,11.03557031048873
100.0,1.0,0.03,10.0,9.6,35.313824993563934
100.0,1.0,0.03,50.0,0.8,1.6552684195163812
100.0,1.0,0.03,50.0,3.0,6.207256573186429
100.0,1.0,0.03,50.0,9.6,19.86322103419657
100.0,1.0,0.03,100.0,0.8,1.1007506750684248
100.0,1.0,0.03,100.0,3.0,4.127815031506593
100.0,1.0,0.03,100.0,9.6,13.209008100821098
100.0,1.0,0.1,1.0,0.8,5.748065067319647
100.0,1.0,0.1,1.0,3.0,21.555244002448674
100.0,1.0,0.1,1.0,9.6,68.97678080783575
100.0,1.0,0.1,5.0,0.8,4.460514737372367
100.0,1.0,0.1,5.0,3.0,16.726930265146375
100.0,1.0,0.1,5.0,9.6,53.5261768484684
100.0,1.0,0.1,10.0,0.8,3.9059969929244107
100.0,1.0,0.1,10.0,3.0,14.64748872346654
100.0,1.0,0.1,10.0,9.6,46.87196391509293
100.0,1.0,0.1,50.0,0.8,2.61844666297713
100.0,1.0,0.1,50.0,3.0,9.819174986164239
100.0,1.0,0.1,50.0,9.6,31.42135995572556
100.0,1.0,0.1,100.0,0.8,2.063928918529174
100.0,1.0,0.1,100.0,3.0,7.7397334444844015
100.0,1.0,0.1,100.0,9.6,24.767147022350084
100.0,10.0,0.01,1.0,0.8,3.828342408774549
100.0,10.0,0.01,1.0,3.0,14.356284032904558
100.0,10.0,0.01,1.0,9.6,45.940108905294586
100.0,10.0,0.01,5.0,0.8,2.5407920788272684
100.0,10.0,0.01,5.0,3.0,9.527970295602255
100.0,10.0,0.01,5.0,9.6,30.48950494592722
100.0,10.0,0.01,10.0,0.8,1.9862743343793121
100.0,10.0,0.01,10.0,3.0,7.44852875392242
100.0,10.0,0.01,10.0,9.6,23.835292012551744
100.0,10.0,0.01,50.0,0.8,0.6987240044320319
100.0,10.0,0.01,50.0,3.0,2.6202150166201195
100.0,10.0,0.01,50.0,9.6,8.384688053184382
100.0,10.0,0.01,100.0,0.8,0.14420625998407555
100.0,10.0,0.01,100.0,3.0,0.5407734749402833
100.0,10.0,0.01,100.0,9.6,1.7304751198089066
100.0,10.0,0.03,1.0,0.8,4.707232239709036
100.0,10.0,0.03,1.0,3.0,17.652120898908883
100.0,10.0,0.03,1.0,9.6,56.48678687650843
100.0,10.0,0.03,5.0,0.8,3.4196819097617563
100.0,10.0,0.03,5.0,3.0,12.823807161606586
100.0,10.0,0.03,5.0,9.6,41.036182917141076
100.0,10.0,0.03,10.0,0.8,2.8651641653138
100.0,10.0,0.03,10.0,3.0,10.74436561992675
100.0,10.0,0.03,10.0,9.6,34.3819699837656
100.0,10.0,0.03,50.0,0.8,1.5776138353665197
100.0,10.0,0.03,50.0,3.0,5.916051882624449
100.0,10.0,0.03,50.0,9.6,18.931366024398233
100.0,10.0,0.03,100.0,0.8,1.0230960909185634
100.0,10.0,0.03,100.0,3.0,3.8366103409446124
100.0,10.0,0.03,100.0,9.6,12.27715309102276
100.0,10.0,0.1,1.0,0.8,5.6704104831697855
100.0,10.0,0.1,1.0,3.0,21.264039311886695
100.0,10.0,0.1,1.0,9.6,68.04492579803743
100.0,10.0,0.1,5.0,0.8,4.382860153222505
100.0,10.0,0.1,5.0,3.0,16.435725574584396
100.0,10.0,0.1,5.0,9.6,52.59432183867006
100.0,10.0,0.1,10.0,0.8,3.828342408774549
100.0,10.0,0.1,10.0,3.0,14.356284032904558
100.0,10.0,0.1,10.0,9.6,45.940108905294586
100.0,10.0,0.1,50.0,0.8,2.5407920788272684
100.0,10.0,0.1,50.0,3.0,9.527970295602255
100.0,10.0,0.1,50.0,9.6,30.48950494592722
100.0,10.0,0.1,100.0,0.8,1.9862743343793126
100.0,10.0,0.1,100.0,3.0,7.448528753922421
100.0,10.0,0.1,100.0,9.6,23.835292012551747
100.0,100.0,0.01,1.0,0.8,3.3043770553423286
100.0,100.0,0.01,1.0,3.0,12.391413957533732
100.0,100.0,0.01,1.0,9.6,39.65252466410794
100.0,100.0,0.01,5.0,0.8,2.0168267253950485
100.0,100.0,0.01,5.0,3.0,7.563100220231432
100.0,100.0,0.01,5.0,9.6,24.201920704740584
100.0,100.0,0.01,10.0,0.8,1.4623089809470924
100.0,100.0,0.01,10.0,3.0,5.4836586785515955
100.0,100.0,0.01,10.0,9.6,17.547707771365108
100.0,100.0,0.01,50.0,0.8,0.1747586509998118
100.0,100.0,0.01,50.0,3.0,0.6553449412492942
100.0,100.0,0.01,50.0,9.6,2.0971038119977417
100.0,100.0,0.01,100.0,0.8,0.0
100.0,100.0,0.01,100.0,3.0,0.0
100.0,100.0,0.01,100.0,9.6,0.0
100.0,100.0,0.03,1.0,0.8,4.183266886276817
100.0,100.0,0.03,1.0,3.0,15.687250823538061
100.0,100.0,0.03,1.0,9.6,50.1992026353218
100.0,100.0,0.03,5.0,0.8,2.895716556329536
100.0,100.0,0.03,5.0,3.0,10.858937086235759
100.0,100.0,0.03,5.0,9.6,34.748598675954426
100.0,100.0,0.03,10.0,0.8,2.34119881188158
100.0,100.0,0.03,10.0,3.0,8.779495544555925
100.0,100.0,0.03,10.0,9.6,28.094385742578957
100.0,100.0,0.03,50.0,0.8,1.0536484819342995
100.0,100.0,0.03,50.0,3.0,3.951181807253623
100.0,100.0,0.03,50.0,9.6,12.643781783211594
100.0,100.0,0.03,100.0,0.8,0.4991307374863433
100.0,100.0,0.03,100.0,3.0,1.8717402655737874
100.0,100.0,0.03,100.0,9.6,5.989568849836119
100.0,100.0,0.1,1.0,0.8,5.1464451297375655
100.0,100.0,0.1,1.0,3.0,19.29916923651587
100.0,100.0,0.1,1.0,9.6,61.75734155685078
100.0,100.0,0.1,5.0,0.8,3.858894799790285
100.0,100.0,0.1,5.0,3.0,14.470855499213569
100.0,100.0,0.1,5.0,9.6,46.30673759748342
100.0,100.0,0.1,10.0,0.8,3.3043770553423286
100.0,100.0,0.1,10.0,3.0,12.391413957533732
100.0,100.0,0.1,10.0,9.6,39.65252466410794
100.0,100.0,0.1,50.0,0.8,2.0168267253950485
100.0,100.0,0.1,50.0,3.0,7.563100220231432
100.0,100.0,0.1,50.0,9.6,24.201920704740584
100.0,100.0,0.1,100.0,0.8,1.4623089809470924
100.0,100.0,0.1,100.0,3.0,5.4836586785515955
100.0,100.0,0.1,100.0,9.6,17.547707771365108
1000.0,1.0,0.01,1.0,0.8,3.9141936854909485
1000.0,1.0,0.01,1.0,3.0,14.678226320591055
1000.0,1.0,0.01,1.0,9.6,46.970324225891375
1000.0,1.0,0.01,5.0,0.8,2.626643355543668
1000.0,1.0,0.01,5.0,3.0,9.849912583288754
1000.0,1.0,0.01,5.0,9.6,31.51972026652401
1000.0,1.0,0.01,10.0,0.8,2.0721256110957116
1000.0,1.0,0.01,10.0,3.0,7.770471041608918
1000.0,1.0,0.01,10.0,9.6,24.865507333148535
1000.0,1.0,0.01,50.0,0.8,0.7845752811484311
1000.0,1.0,0.01,50.0,3.0,2.9421573043066167
1000.0,1.0,0.01,50.0,9.6,9.414903373781172
1000.0,1.0,0.01,100.0,0.8,0.23005753670047488
1000.0,1.0,0.01,100.0,3.0,0.8627157626267807
1000.0,1.0,0.01,100.0,9.6,2.7606904404056984
1000.0,1.0,0.03,1.0,0.8,4.793083516425436
1000.0,1.0,0.03,1.0,3.0,17.974063186595384
1000.0,1.0,0.03,1.0,9.6,57.51700219710522
1000.0,1.0,0.03,5.0,0.8,3.5055331864781554
1000.0,1.0,0.03,5.0,3.0,13.145749449293081
1000.0,1.0,0.03,5.0,9.6,42.06639823773786
1000.0,1.0,0.03,10.0,0.8,2.951015442030199
1000.0,1.0,0.03,10.0,3.0,11.066307907613247
1000.0,1.0,0.03,10.0,9.6,35.41218530436239
1000.0,1.0,0.03,50.0,0.8,1.6634651120829187
1000.0,1.0,0.03,50.0,3.0,6.2379941703109445
1000.0,1.0,0.03,50.0,9.6,19.96158134499502
1000.0,1.0,0.03,100.0,0.8,1.1089473676349626
1000.0,1.0,0.03,100.0,3.0,4.158552628631109
1000.0,1.0,0.03,100.0,9.6,13.30736841161955
1000.0,1.0,0.1,1.0,0.8,5.7562617598861845
1000.0,1.0,0.1,1.0,3.0,21.58598159957319
1000.0,1.0,0.1,1.0,9.6,69.0751411186342
1000.0,1.0,0.1,5.0,0.8,4.468711429938905
1000.0,1.0,0.1,5.0,3.0,16.757667862270893
1000.0,1.0,0.1,5.0,9.6,53.62453715926685
1000.0,1.0,0.1,10.0,0.8,3.9141936854909485
1000.0,1.0,0.1,10.0,3.0,14.678226320591055
1000.0,1.0,0.1,10.0,9.6,46.970324225891375
1000.0,1.0,0.1,50.0,0.8,2.626643355543668
1000.0,1.0,0.1,50.0,3.0,9.849912583288754
1000.0,1.0,0.1,50.0,9.6,31.51972026652401
1000.0,1.0,0.1,100.0,0.8,2.0721256110957116
1000.0,1.0,0.1,100.0,3.0,7.770471041608918
1000.0,1.0,0.1,100.0,9.6,24.865507333148535
1000.0,10.0,0.01,1.0,0.8,3.9059969929244107
1000.0,10.0,0.01,1.0,3.0,14.64748872346654
1000.0,10.0,0.01,1.0,9.6,46.87196391509293
1000.0,10.0,0.01,5.0,0.8,2.61844666297713
1000.0,10.0,0.01,5.0,3.0,9.819174986164239
1000.0,10.0,0.01,5.0,9.6,31.42135995572556
1000.0,10.0,0.01,10.0,0.8,2.063928918529174
1000.0,10.0,0.01,10.0,3.0,7.7397334444844015
1000.0,10.0,0.01,10.0,9.6,24.767147022350084
1000.0,10.0,0.01,50.0,0.8,0.7763785885818935
1000.0,10.0,0.01,50.0,3.0,2.9114197071821004
1000.0,10.0,0.01,50.0,9.6,9.31654306298272
1000.0,10.0,0.01,100.0,0.8,0.2218608441339372
1000.0,10.0,0.01,100.0,3.0,0.8319781655022644
1000.0,10.0,0.01,100.0,9.6,2.662330129607246
1000.0,10.0,0.03,1.0,0.8,4.784886823858898
1000.0,10.0,0.03,1.0,3.0,17.943325589470867
1000.0,10.0,0.03,1.0,9.6,57.41864188630677
1000.0,10.0,0.03,5.0,0.8,3.4973364939116176
1000.0,10.0,0.03,5.0,3.0,13.115011852168564
1000.0,10.0,0.03,5.0,9.6,41.96803792693941
1000.0,10.0,0.03,10.0,0.8,2.9428187494636617
1000.0,10.0,0.03,10.0,3.0,11.03557031048873
1000.0,10.0,0.03,10.0,9.6,35.313824993563934
1000.0,10.0,0.03,50.0,0.8,1.6552684195163812
1000.0,10.0,0.03,50.0,3.0,6.207256573186429
1000.0,10.0,0.03,50.0,9.6,19.86322103419657
1000.0,10.0,0.03,100.0,0.8,1.1007506750684248
1000.0,10.0,0.03,100.0,3.0,4.127815031506593
1000.0,10.0,0.03,100.0,9.6,13.209008100821098
1000.0,10.0,0.1,1.0,0.8,5.748065067319647
1000.0,10.0,0.1,1.0,3.0,21.555244002448674
1000.0,10.0,0.1,1.0,9.6,68.97678080783575
1000.0,10.0,0.1,5.0,0.8,4.460514737372367
1000.0,10.0,0.1,5.0,3.0,16.726930265146375
1000.0,10.0,0.1,5.0,9.6,53.5261768484684
1000.0,10.0,0.1,10.0,0.8,3.9059969929244107
1000.0,10.0,0.1,10.0,3.0,14.64748872346654
1000.0,10.0,0.1,10.0,9.6,46.87196391509293
1000.0,10.0,0.1,50.0,0.8,2.61844666297713
1000.0,10.0,0.1,50.0,3.0,9.819174986164239
1000.0,10.0,0.1,50.0,9.6,31.42135995572556
1000.0,10.0,0.1,100.0,0.8,2.063928918529174
1000.0,10.0,0.1,100.0,3.0,7.7397334444844015
1000.0,10.0,0.1,100.0,9.6,24.767147022350084
1000.0,100.0,0.01,1.0,0.8,3.828342408774549
1000.0,100.0,0.01,1.0,3.0,14.356284032904558
1000.0,100.0,0.01,1.0,9.6,45.940108905294586
1000.0,100.0,0.01,5.0,0.8,2.5407920788272684
1000.0,100.0,0.01,5.0,3.0,9.527970295602255
1000.0,100.0,0.01,5.0,9.6,30.48950494592722
1000.0,100.0,0.01,10.0,0.8,1.9862743343793121
1000.0,100.0,0.01,10.0,3.0,7.44852875392242
1000.0,100.0,0.01,10.0,9.6,23.835292012551744
1000.0,100.0,0.01,50.0,0.8,0.6987240044320319
1000.0,100.0,0.01,50.0,3.0,2.6202150166201195
1000.0,100.0,0.01,50.0,9.6,8.384688053184382
1000.0,100.0,0.01,100.0,0.8,0.14420625998407555
1000.0,100.0,0.01,100.0,3.0,0.5407734749402833
1000.0,100.0,0.01,100.0,9.6,1.7304751198089066
1000.0,100.0,0.03,1.0,0.8,4.707232239709036
1000.0,100.0,0.03,1.0,3.0,17.652120898908883
1000.0,100.0,0.03,1.0,9.6,56.48678687650843
1000.0,100.0,0.03,5.0,0.8,3.4196819097617563
1000.0,100.0,0.03,5.0,3.0,12.823807161606586
1000.0,100.0,0.03,5.0,9.6,41.036182917141076
1000.0,100.0,0.03,10.0,0.8,2.8651641653138
1000.0,100.0,0.03,10.0,3.0,10.74436561992675
1000.0,100.0,0.03,10.0,9.6,34.3819699837656
1000.0,100.0,0.03,50.0,0.8,1.5776138353665197
1000.0,100.0,0.03,50.0,3.0,5.916051882624449
1000.0,100.0,0.03,50.0,9.6,18.931366024398233
1000.0,100.0,0.03,100.0,0.8,1.0230960909185634
1000.0,100.0,0.03,100.0,3.0,3.8366103409446124
1000.0,100.0,0.03,100.0,9.6,12.27715309102276
1000.0,100.0,0.1,1.0,0.8,5.6704104831697855
1000.0,100.0,0.1,1.0,3.0,21.264039311886695
1000.0,100.0,0.1,1.0,9.6,68.04492579803743
1000.0,100.0,0.1,5.0,0.8,4.382860153222505
1000.0,100.0,0.1,5.0,3.0,16.435725574584396
1000.0,100.0,0.1,5.0,9.6,52.59432183867006
1000.0,100.0,0.1,10.0,0.8,3.828342408774549
1000.0,100.0,0.1,10.0,3.0,14.356284032904558
1000.0,100.0,0.1,10.0,9.6,45.940108905294586
1000.0,100.0,0.1,50.0,0.8,2.5407920788272684
1000.0,100.0,0.1,50.0,3.0,9.527970295602255
1000.0,100.0,0.1,50.0,9.6,30.48950494592722
1000.0,100.0,0.1,100.0,0.8,1.9862743343793126
1000.0,100.0,0.1,100.0,3.0,7.448528753922421
1000.0,100.0,0.1,100.0,9.6,23.835292012551747
